template,,CZ1511-01,,CZ1511-02,,CZ1511-03,,CZ1511-04,,CZ1511-05,,CZ1511-06,,CZ1511-07,,CZ1511-08,,CZ1511-09,,CZ1511-10,,CZ1511-11,,CZ1511-12,,CZ1511-13,,CZ1511-14,,CZ1511-15,,CZ1511-16,,CZ1511-17,,CZ1511-18,,CZ1511-19,,CZ1511-22,,CZ1511-23,,CZ1511-24,,CZ1511-25,,CZ1511-26,,CZ1511-27,,CZ1511-28,,CZ1511-29,,CZ1511-31,,CZ1511-32,,CZ1511-33,bad,CZ1511-35,,CZ1511-37,,CZ1511-38,,CZ1511-39,,CZ1511-40,,CZ1511-41,bad,CZ1511-42,,CZ1511-43,,CZ1511-44,,CZ1512-01,,CZ1512-03,,CZ1512-4,,CZ1512-05,,CZ1512-06,,CZ1512-07,,CZ1512-08,,CZ1512-09,,CZ1512-10,,CZ1512-11,,CZ1512-12,,CZ1512-13,,CZ1512-14,,CZ1512-15,,CZ1512-16,another song,CZ1512-17,,CZ1512-18,,CZ1512-19,,CZ1512-20,,CZ1512-21,,CZ1512-22,,CZ1512-23,,CZ1512-24,,CZ1512-25, ,CZ1512-26,,CZ1512-27,,CZ1512-28,,CZ1512-29,,CZ1512-30,,CZ1512-31,,CZ1512-32,,CZ1512-33,,CZ1512-34,,CZ1512-35,,CZ1512-36,,CZ1512-37,,CZ1512-41,,CZ1512-42,,CZ1512-43,,CZ1512-45,,CZ1513-01,,CZ1513-02,,CZ1513-03,,CZ1513-04,,CZ1513-05,,CZ1513-06,,CZ1513-07,,CZ1513-08,,CZ1513-09,,CZ1513-10, ,CZ1513-11,,CZ1513-12,,CZ1513-13,,CZ1513-14,,CZ1513-15,,CZ1513-16,,CZ1513-17,,CZ1513-18,,CZ1513-20,,CZ1513-21,,CZ1513-22,,CZ1513-23,,CZ1513-24,,CZ1513-25,,CZ1513-26,,CZ1513-27,,CZ1513-28,,CZ1513-29, ,CZ1513-30,,CZ1513-31,,CZ1513-32,,CZ1513-33,,CZ1513-34,,CZ1513-35,,CZ1513-36,,CZ1513-37,,CZ1513-38,,CZ1513-39,,CZ1513-40,,CZ1513-41,,CZ1513-42,,CZ1516-01,,CZ1516-02,,CZ1516-03,,CZ1516-04,,CZ1516-05,,CZ1516-06,,CZ1516-07,,CZ1516-08,,CZ1516-09,,CZ1516-11,,CZ1516-12,,CZ1516-13,,CZ1516-14,,CZ1516-15,,CZ1516-17,,CZ1516-18,,CZ1516-19,,CZ1516-20,,CZ1516-21,,CZ1516-22,,CZ1516-24,,CZ1516-25,,CZ1516-26,,CZ1516-27,,CZ1516-28,,CZ1516-29,,CZ1516-30,,CZ1516-31,,CZ1516-32,,CZ1516-33,,CZ1516-34,,CZ1516-35,,CZ1516-36,,CZ1516-37,bad,CZ1516-38,,CZ1516-39,,CZ1516-40,,CZ1516-41,,CZ1516-42,,CZ1516-43,bad,CZ1517-01,,CZ1517-02,,CZ1517-03,,CZ1517-04,,CZ1517-05,,CZ1517-06,,CZ1517-08,,CZ1517-09,,CZ1517-10,弹得很好，但是调不对，分低,CZ1517-11,,CZ1517-12,,CZ1517-13,,CZ1517-14,,CZ1517-15,,CZ1517-16,,CZ1517-17,,CZ1517-18,,CZ1517-19,,CZ1517-20,,CZ1517-21,,CZ1517-22,,CZ1517-23,,CZ1517-24,,CZ1517-25,,CZ1517-26,,CZ1517-27,,CZ1517-28,,CZ1517-29,,CZ1517-30,,CZ1517-31,,CZ1517-32,,CZ1517-33,,CZ1517-34,,CZ1517-35,,CZ1517-36,,CZ1517-37,,CZ1517-38,,CZ1517-39,,CZ1517-40,,CZ1517-41,,CZ1517-42,,CZ1517-43,,CZ1517-44,
G,0.73-1.03,G,0.38,G,0.34,G,0.36,G,0.3,G,0.28,G,0.36,G,0.33,G,0.3,G,0.38,G,0.35,G,0.3,G,0.34,G,0.34,G,0.44,G,0.45,G,0.32,G,0.38,G,0.37,G,0.264,G,0.448,G,0.41,G,0.34,G,0.28,G,0.37,G,0.15-0.33,G,0.3,G,0.32,G,0.53,G,0.35,G,1_8,G,0.31,G,0.32,G,0.34,G,0.42,G,0.35,G,1.5,G,0.39,G,3.15-3.42,G,0.36,G,0.45,G,0.28,G,0.39,G,0.36,G,0.31,G,0.1,G,0.3,G,0.39,G,0.42,G,0.38,G,0.37,G,0.42,G,0.34,G,0.39,,,G,0.41,G,0.05,G,0.22,G,0.46-0.8,G,0.42,G,0.29,G,0.5,G,0.5,G,0.4,G,0.4,G,0.1,G,0.42,G,0.38,G,0.32,G,0.42,G,0.38,G,0.45,G,0.35,G,0.31,G,0.44-0.8,G,0.83,G,0.35,G,0.4,G,0.44,G,0.4,G,0.44-0.81,G,0.27,G,0.38,G,0.3,G,0.34,G,0.28,G,0.32,G,4.67-5.17,GF,0.38,G,0.32,G,0.4,G,0.28,G,0.33,G,0.39,G,0.33,G,0.23,G,0.52-0.84,G,0.4,G,0.36,G,0.29,G,0.28,G,0.36,G,0.4,G,0.39,G,0.32,G,0.35,FG,0.49,G,0.24,G,0.32,G,0.29,G,0.3,G,0.28,G,0.345,G,0.36,G,0.4,G,0.29,G,0.33,G,0.33,G,0.31,G,0.38,G,0.42,G,0.3,G,0.35,G,0.36,G,0.28,G,0.3,G,0.45,G,0.31,G,0.3,G,0.44,G,0.6,G,0.64,G,0.29,G,0.3,G,0.33,G,0.33,G,0.42,G,0.36,G,0.22,G,0.3,G,0.46-0.95,G,0.38,G,0.27,G,0.41,G,0.3,G,0.35,G,0.34,G,0.4,G,0.4,G,0.36,G,0.37,G,0.38,G,0.35,G,0.35,G,,G,2.48-2.76,G,0.45-0.92,G,0.47,G,0.37,G,0.33,G,3,G,0.13-0.31,G,0.35,G,0.4,G,0.39,G,0.322,G,0.4,G,0.33,G,0.48,G,0.33,G,0.92-1.24,G,1.85-2.15,G,0.46,G,0.29,G,0.4,G,0.95-1.24,G,0.32,G,0.3,G,0.33,G,0.38,G,0.36-0.71,G,0.39,G,0.15-0.51,G,0.4,G,0.41,G,0.3,G,0.23,G,0.1,G,0.36,G,0.33,G,0.36,G,0.3,G,0.36,G,0.3,G,0.38,G,0.35,G,0.35,G,0.34,G,0.35,G,0.4,G,0.3,G,0.42,G,0.31,G,0.37
D,1.38,D,0.76,D,0.67,D,0.71,D,0.6,D,0.54,D,0.72,D,0.66,D,0.63,D,0.74,D,0.74,D,0.61,D,0.71,D,0.59,D,0.86,D,0.85,D,0.66,D,0.69,D,0.7,D,0.53,D,0.85,D,0.85,D,0.66,D,0.55,D,0.74,D,0.75,D,0.58,D,0.63,D,0.83,D,0.7,D,1.5,D,0.6,D,0.61,D,0.65,D,0.75,D,0.71,D,,D,0.74,D,3.67,D,0.73,D,0.85,D,0.67,D,0.75,D,0.68,D,0.63,D,0.4,D,0.61,D,0.76,D,0.79,D,0.74,D,0.71,D,0.76,D,0.67,D,0.71,,,D,0.74,D,0.43,D,0.5,D,1.18,D,0.8,D,0.54,D,0.95,D,0.94,D,0.82,D,0.77,D,0.36,D,0.79,D,0.78,D,0.64,D,0.79,D,0.74,D,0.8,D,0.64,D,0.63,D,1.18,D,0.92,D,0.71,D,0.8,D,0.8,D,0.83,D,1.16,D,0.63,D,0.73,D,0.61,D,0.67,D,0.54,D,0.63,D,5.7,D,0.72,D,0.65,D,0.77,D,0.6,D,0.67,D,0.75,D,0.68,D,0.5,D,1.16,D,0.82,D,0.73,D,0.56,D,0.56,D,0.7,D,0.8,D,0.75,D,0.6,D,0.71,D,0.93,D,0.55,D,0.69,D,0.57,D,0.62,D,0.56,D,0.87,D,0.7,D,0.79,D,0.56,D,0.68,D,0.68,D,0.63,D,0.7,D,0.83,D,0.6,D,0.66,D,0.65,D,0.56,D,0.64,D,0.68,CD,0.6,D,0.58,D,0.85,D,1.06,D,1_1.64,D,0.58,D,0.62,D,0.63,D,0.67,D,0.83,D,0.69,D,0.63,D,0.62,D,1.37,D,0.72,D,0.57,D,0.78,D,0.6,D,0.67,D,0.64,D,0.77,D,0.74,D,0.7,D,0.7,D,0.72,D,0.68,D,0.67,D,,D,3,D,1.36,D,0.92,D,0.69,D,0.61,D,,D,0.63,D,0.7,D,0.8,D,0.72,D,0.6,D,0.76,D,0.67,D,0.96,D,0.62,D,1.55,D,2.45,D,0.87,D,0.6,D,0.76,D,1.55,D,0.63,D,0.57,D,0.63,D,0.75,D,1.06,D,0.74,D,0.88,D,0.73,D,0.79,D,0.59,D,0.48,D,0.2,D,0.73,D,0.69,D,0.76,D,0.59,D,0.69,D,0.56,D,0.72,D,0.73,D,0.66,D,0.66,D,0.69,D,0.77,D,0.6,D,0.64,D,0.61,D,0.7
BG,1.68,BG,1.1,BG,1,BG,1.05,BG,0.86,BG,0.82,BG,1.09,BG,0.96,BG,0.93,BG,1.08,BG,1.11,BG,0.91,BG,1.06,BG,0.89,BG,1.3,BG,1.23,BG,0.94,BG,1.03,BG,1.02,BG,0.77,BG,1.26,BG,1.2,BG,1,BG,0.83,BG,1.1,BG,0.98,BG,0.87,BG,0.95,BG,1.22,BG,1.02,BG,,BG,0.91,BG,0.92,BG,0.95,BG,1.07,BG,1.06,BG,,BG,1.1,BG,3.94,BG,1.06,BG,1.3,BG,1.04,BG,1.1,BG,1,BG,0.94,BG,0.75,BG,0.93,BG,1.17,BG,1.2,BG,1.07,BG,1.1,BG,1.12,BG,1,BG,1.1,,,BG,1.1,BG,0.8,BG,0.78,BG,1.55,BG,1.14,BG,0.86,BG,1.37,BG,1.37,BG,1.2,BG,1.15,BG,0.63,BG,1.18,BG,1.14,BG,0.94,BG,1.2,BG,1.1,BG,1.2,BG,0.99,BG,0.93,BG,1.51,BG,1.36,BG,1.1,BG,1.16,BG,1.19,BG,1.25,BG,1.55,BG,1,BG,1.1,BG,0.86,BG,0.98,BG,0.8,BG,0.96,BG,6.18,BF,1.08,BG,0.97,BG,1.16,BG,0.9,BG,1,BG,1.1,BG,1,BG,0.77,BG,1.5,BG,1.24,BG,1.1,BG,0.86,BG,0.84,BG,1,BG,1.16,BG,1.15,BG,0.9,BG,1.06,BF,1.4,BG,0.9,BG,1,BG,0.88,BG,0.92,BG,0.88,BG,1.12,BG,1,BG,1.12,BG,0.84,BG,1,BG,0.95,BG,0.95,BG,1.05,BG,1.26,BG,0.9,BG,1,BG,0.96,BG,0.86,BG,0.96,BG,1,BG,0.88,BG,0.89,BG,1.26,BG,1.5,BG,1.94,BG,0.9,BG,0.93,BG,0.94,BG,0.96,BG,1.23,BG,1,BG,0.84,BG,0.88,BG,1.85,BG,1.05,BG,0.85,BG,1.17,BG,0.88,BG,1,BG,0.95,BG,1.13,BG,1.1,BG,1.05,BG,1.05,BG,1.04,BG,0.97,BG,0.97,BG,,BG,3.34,BG,1.82,BG,1.34,BG,1,BG,0.91,BG,1_1,BG,0.94,BG,1,BG,1.19,BG,1.07,BG,0.88,BG,1.1,BG,0.98,BG,1.4,BG,0.92,BG,1.86,BG,2.75,BG,1.3,BG,0.89,BG,1.1,BG,1.82,BG,0.9,BG,0.86,BG,0.91,BG,1.11,BG,1.4,BG,1.12,BG,1.23,BG,1.1,BG,1.13,BG,0.87,BG,0.73,BG,0.53,BG,1.05,BG,0.98,BG,1.3,BG,0.88,BG,1.03,BG,0.86,BG,1,BG,1.1,BG,1,BG,0.94,BG,1,BG,1.14,BG,0.88,BG,0.96,BG,0.92,BG,1
DG,2,DG,1.47,DG,1.31,DG,1.4,DG,1.14,DG,1.09,DG,1.44,DG,1.27,DG,1.23,DG,1.41,DG,1.46,DG,1.22,DG,1.37,DG,1.26,DG,1.72,DG,1.62,DG,1.25,DG,1.39,DG,1.36,DG,1.03,DG,1.68,DG,1.65,DG,1.33,DG,1.1,DG,1.47,DG,1.31,DG,1.14,DG,1.26,DG,1.61,DG,1.37,DG,,DG,1.23,DG,1.2,DG,1.29,DG,1.41,DG,1.41,DG,1_3.5,DG,1.45,DG,4.2,DG,1.45,DG,1.73,DG,1.4,DG,1.45,DG,1.35,DG,1.25,DG,1.12,DG,1.26,DG,1.57,DG,1.58,DG,1.46,DG,1.47,DG,1.45,DG,1.33,DG,1.44,,,DG,1.45,DG,1.26,DG,1.06,DG,1.88,DG,1.5,DG,1.13,DG,1.8,DG,1.8,DG,1.6,DG,1.52,DG,1.17,DG,1.56,DG,1.5,DG,1.28,DG,1.58,DG,1.45,DG,1.57,DG,1.33,DG,1.25,DG,1.86,DG,1.79,DG,1.45,DG,1.55,DG,1.57,DG,1.67,DG,1.94,DG,1.38,DG,1.45,DG,1.15,DG,1.28,DG,1,DG,1.27,DG,6.68,DF,1.44,DG,1.28,DG,1.51,DG,1.27,DG,1.36,DG,1.49,DG,1.44,DG,1,DG,1.8,DG,1.67,DG,1.46,DG,1.1,DG,1.13,DG,1.35,DG,1.57,DG,1.54,DG,1.2,DG,1.4,DF,1.82,DG,1.22,DG,1.4,DG,1.2,DG,1.22,DG,1.14,DG,1.47,DG,1.39,DG,1.5,DG,1.1,DG,1.35,DG,1.22,DG,1.25,DG,1.4,DG,1.71,DG,1.16,DG,1.33,DG,1.24,DG,1.18,DG,1.29,DG,1.4,DG,1.17,DG,1.16,DG,1.64,DG,2,DG,2.25,DG,1.2,DG,1.24,DG,1.25,DG,1.27,DG,1.6,DG,1.33,DG,1,DG,1.14,DG,2.3,DG,1.39,DG,1.17,DG,1.52,DG,1.18,DG,1.35,DG,1.26,DG,1.51,DG,1.44,DG,1.4,DG,1.4,DG,1.36,DG,1.27,DG,1.27,DG,1_1,DG,3.63,DG,2.25,DG,1.74,DG,1.36,DG,1.22,DG,,DG,1.24,DG,1.4,DG,1.6,DG,1.39,DG,1.15,DG,1.4,DG,1.3,DG,1.88,DG,1.2,DG,2.2,DG,3.04,DG,1.69,DG,1.19,DG,1.44,DG,2.11,DG,1.21,DG,1.14,DG,1.23,DG,1.46,DG,1.75,DG,1.52,DG,1.59,DG,1.43,DG,1.49,DG,1.14,DG,0.96,DG,0.87,DG,1.39,DG,1.32,DG,1.46,DG,1.14,DG,1.35,DG,1.14,DG,1.37,DG,1.44,DG,1.32,DG,1.25,DG,1.34,DG,1.5,DG,1.18,DG,1.26,DG,1.2,DG,1.36
BG,2.33,BG,1.83,BG,1.65,BG,1.76,BG,1.41,BG,1.35,BG,1.79,BG,1.61,BG,1.55,BG,1.77,BG,1.81,BG,1.55,BG,1.69,BG,1.55,BG,2.16,BG,2,BG,1.56,BG,1.72,BG,1.69,BG,1.27,BG,2.1,BG,2.06,BG,1.67,BG,1.36,BG,1.85,BG,1.63,BG,1.42,BG,1.6,BG,2.02,BG,1.7,G,1_3,BG,1.54,BG,1.5,BG,1.6,BG,1.69,BG,1.75,BG,1_1.5,BG,1.79,BG,4.48,BG,1.79,BG,2.14,BG,1.79,BG,1.81,BG,1.65,BG,1.54,BG,1.47,BG,1.59,BG,1.96,BG,1.96,BG,1.8,BG,1.83,BG,1.81,BG,1.67,BG,1.76,,,BG,1.79,BG,1.7,BG,1.3,BG,2.25,BG,1.85,BG,1.4,BG,2.24,BG,2.25,BG,2,BG,1.88,BG,1.43,BG,1.94,BG,1.88,BG,1.52,BG,2,BG,1.83,BG,1.95,BG,1.65,BG,1.55,BG,2.23,BG,2.19,BG,1.8,BG,1.9,BG,2,BG,2.1,BG,2.3,BG,1.76,BG,1.8,BG,1.45,BG,1.6,BG,1.3,BG,1.56,BG,7.12,AG,1.78,CG,1.62,BG,1.86,BG,1.59,BG,1.73,BG,1.85,BG,1.8,BG,1.3,BG,2.1,BG,2.06,BG,1.8,BG,1.37,BG,1.4,BG,1.7,BG,1.94,BG,1.92,BG,1.5,BG,1.86,AG,2.3,BG,1.53,BG,1.7,BG,1.5,BG,1.5,BG,1.42,BG,1.84,BG,1.7,BG,1.84,BG,1.4,BG,1.68,BG,1.53,BG,1.56,BG,1.76,BG,2.1,BG,1.44,BG,1.67,BG,1.55,BG,1.47,BG,1.6,BG,1.74,BG,1.45,BG,1.46,BG,2,BG,2.48,BG,2.56,BG,1.48,BG,1.52,BG,1.55,BG,1.59,BG,2,BG,1.66,BG,1.48,BG,1.44,BG,2.7,BG,1.7,BG,1.46,BG,1.88,BG,1.47,BG,1.67,BG,1.57,BG,1.9,BG,1.8,BG,1.74,BG,1.77,BG,1.7,BG,1.57,BG,1.58,BG,,BG,3.92,BG,2.69,BG,2.17,BG,1.7,BG,1.53,BG,,BG,1.56,BG,1.79,BG,1.98,BG,1.7,BG,1.44,BG,1.77,BG,1.66,BG,2.38,BG,1.51,BG,2.52,BG,3.35,BG,2.12,BG,1.46,BG,1.78,BG,2.42,BG,1.5,BG,1.4,BG,1.54,BG,1.83,BG,2.12,BG,1.9,BG,1.93,BG,1.82,BG,1.86,BG,1.43,BG,1.2,BG,1.19,BG,1.75,BG,1.62,BG,1.83,BG,1.42,BG,1.68,BG,1.45,BG,1.7,BG,1.79,BG,1.64,BG,1.54,BG,1.65,BG,1.86,BG,1.47,BG,1.57,BG,1.52,BG,1.68
DG,2.66,DG,2.2,DG,1.98,DG,2.13,DG,1.68,DG,1.61,DG,2.16,DG,1.94,DG,1.83,DG,2.12,DG,2.19,DG,1.85,DG,2.02,DG,1.86,DG,2.57,DG,2.44,DG,1.86,DG,2.03,DG,2,DG,1.53,DG,2.58,DG,2.5,DG,2.02,DG,1.63,DG,2.19,DG,2.01,DG,1.7,DG,1.93,DG,2.41,DG,2.05,DG,,DG,1.84,DG,1.82,DG,1.92,DG,2.05,DG,2.11,DG,,DG,2.15,DG,4.75,DG,2.16,DG,2.57,DG,2.19,DG,2.19,DG,2,DG,1.87,DG,1.81,DG,1.95,DG,2.36,DG,2.33,DG,2.16,DG,2.2,DG,2.18,DG,2,DG,2.12,,,DG,2.12,DG,2.17,DG,1.56,DG,2.63,DG,2.2,DG,1.68,DG,2.65,DG,2.65,DG,2.4,DG,2.27,DG,1.68,DG,2.33,DG,2.27,DG,1.9,DG,2.36,DG,2.15,DG,2.33,DG,1.99,D,1.86,DG,2.6,DG,2.63,DG,2.2,DG,2.3,DG,2.34,DG,2.48,DG,2.7,DG,2.13,DG,2.14,DG,1.73,DG,1.9,DG,1.55,DG,1.86,DG,7.62,DF,2.12,DG,1.93,DG,2.22,DG,1.9,DG,2.1,DG,2.2,DG,2.16,DG,1.58,DG,2.4,DG,2.48,DG,2.15,DG,1.64,DG,1.68,DG,2,DG,2.3,DG,2.35,DG,1.8,DG,2.14,DF,2.74,DG,1.83,DG,2.1,DG,1.8,DG,1.8,DG,1.71,DG,2.22,DG,2.1,DG,2.2,DG,1.68,DG,2,DG,1.8,DG,1.89,DG,2.1,DG,2.53,DG,1.73,DG,2,DG,1.85,DG,1.78,DG,1.91,DG,2.1,DG,1.73,DG,1.77,DG,2.43,DG,2.9,DG,2.87,DG,1.79,DG,1.84,DG,1.85,DG,1.88,DG,2.37,DG,1.99,DG,1.69,DG,1.7,DG,3.17,DG,2,DG,1.77,DG,2.26,DG,1.75,DG,2,DG,1.87,DG,2.27,DG,2.17,DG,2.1,DG,2.14,DG,2,DG,1.88,DG,1.87,DG,,DG,4.2,DG,3.13,DG,2.6,DG,2,DG,1.81,DG,1_1,DG,1.87,DG,2.14,DG,2.4,DG,2,DG,1.73,DG,2.11,DG,2,DG,2.85,DG,1.81,DG,2.84,DG,3.64,DG,2.54,DG,1.74,DG,2.12,DG,2.7,DG,1.81,DG,1.68,DG,1.84,DG,2.2,DG,2.44,DG,2.26,DG,2.29,DG,2.17,DG,2.23,DG,1.7,DG,1.46,DG,1.53,DG,2.1,DG,1.94,DG,2.19,DG,1.7,DG,2.05,DG,1.72,DG,2,DG,2.17,DG,1.95,DG,1.87,DG,1.98,DG,2.25,DG,1.78,DG,1.86,DG,1.81,DG,2
BG,2.99,BG,2.58,BG,2.3,BG,2.49,BG,1.97,BG,1.9,BG,2.53,BG,2.27,BG,2.12,BG,2.46,BG,2.56,BG,2.16,BG,2.35,BG,2.21,BG,3,BG,2.8,BG,2.12,BG,2.34,BG,2.33,BG,1.77,BG,2.96,BG,2.9,BG,2.33,BG,1.91,BG,2.55,BG,2.33,BG,1.99,BG,2.27,BG,2.81,BG,2.4,BG,1_4,BG,2.15,BG,2.1,BG,2.25,BG,2.35,BG,2.45,BG,,BG,2.5,BG,5,BG,2.53,BG,2.98,BG,2.55,BG,2.57,BG,2.3,BG,2.26,BG,2.2,BG,2.28,BG,2.73,BG,2.7,BG,2.5,BG,2.57,BG,2.52,BG,2.33,BG,2.5,,,BG,2.49,BG,2.62,BG,1.8,BG,2.98,BG,2.6,BG,2,BG,3,BG,3.05,BG,2.8,BG,2.63,BG,1.97,BG,2.7,BG,2.64,BG,2.2,BG,2.78,BG,2.53,BG,2.76,BG,2.33,BDG,2.18,BG,2.96,BG,3.04,BG,2.55,BG,2.7,BG,2.76,BG,2.91,BG,3.1,BG,2.55,BG,2.5,BG,2,BG,2.26,BG,1.84,BG,2.16,G,8,BF,2.47,BG,2.25,BG,2.6,BG,2.27,BG,2.46,BG,2.55,BG,2.53,BG,1.84,BG,2.7,BG,2.92,BG,2.5,BG,1.91,BG,1.97,BG,2.33,BG,2.7,BG,2.73,BG,2.1,BG,2.5,BF,3.2,BG,2.14,BG,2.44,BG,2.1,BG,2.1,BG,2,BG,2.6,BG,2.44,BG,2.58,BG,1.95,BG,2.3,BG,2.1,BG,2.22,BG,2.48,BG,2.97,BG,2,BG,2.32,BG,2.17,BG,2,BG,2.24,BG,2.4,BG,2,BG,2.1,BG,2.87,BG,3.36,BG,3.2,BG,2.1,BG,2.12,BG,2.16,BG,2.17,BG,2.77,BG,2.26,BG,1.9,BG,2,BG,3.63,BG,2.38,BG,2.1,BG,2.64,BG,2,BG,2.43,BG,2.18,BG,2.62,BG,2.58,BG,2.4,BG,2.54,BG,2.37,BG,2.18,BG,2.16,BG,,BG,4.48,BG,3.55,BG,3,BG,2.38,BG,2.11,BG,,BG,2.22,BG,2.5,BG,2.83,BG,2.34,BG,2,BG,2.47,BDG,2.34,BG,3.32,BG,2.13,BG,3.16,BG,3.97,BG,2.94,BG,2,BG,2.46,BG,3,BG,2.1,BG,1.96,BG,2.13,BG,2.54,BG,2.8,BG,2.65,BG,2.64,BG,2.55,BG,2.6,BG,2,BG,1.72,BG,1.88,BG,2.43,BG,2.26,BG,2.54,BG,1.97,BG,2.39,BG,2,BG,2.4,BG,2.55,BG,2.27,BG,2.17,BG,2.29,BG,2.6,BG,2.1,BG,2.14,BG,2.1,BG,2.35
D,3.3,D,2.95,D,2.62,D,2.84,D,2.25,D,2.18,D,2.88,D,2.6,D,2.45,D,2.83,D,2.95,D,2.84,D,2.68,D,2.85,D,3.44,D,3.21,D,2.39,D,2.67,D,2.68,D,2.02,D,3.54,D,3.33,D,2.66,D,2.2,D,2.94,D,2.67,D,2.33,D,2.62,D,3.22,D,2.72,D,,D,2.46,D,2.41,D,2.6,D,2.66,D,2.82,D,1_3,D,2.85,D,5.28,D,2.91,D,3.39,D,2.94,D,2.91,D,2.6,D,2.48,D,2.57,D,2.6,D,3.12,D,3.08,D,3.22,D,2.9,D,2.85,D,2.67,D,2.8,,,D,2.83,D,3,D,2.3,D,3.33,D,2.9,D,2.24,D,3.45,D,3.45,D,3.2,D,3.43,D,2.5,D,3.1,D,3,D,2.57,D,3.2,D,2.88,D,3.13,D,2.7,D,2.8,D,3.32,D,3.5,D,3,D,3,D,3.13,D,3.3,D,3.5,D,2.93,D,2.8,D,2.33,D,2.57,D,2.1,D,2.46,G,9,D,3.18_3.54,D,2.59,D,2.9,D,2.63,D,2.83,D,2.9,D,2.92,D,2.15,D,3,D,3.36,D,2.85,D,2.2,D,2.25,D,2.67,D,3.1,D,3.13,D,2.4,D,2.86,D,3.64,D,2.46,D,2.8,D,2.4,D,2.4,D,2.32,D,2.98,D,2.8,D,2.95,D,2.2,D,2.65,D,2.4,D,2.62,D,2.79,D,3.4,D,2.28,D,2.7,D,2.44,D,2.38,D,2.58,D,2.76,D,2.28,D,2.4,D,3.28,D,3.78,BG,3.5,D,2.37,D,2.42,D,2.45,D,2.47,D,3.13,D,2.72_3.1,D,2.57,D,2.26,D,4,D,2.73,D,2.4,D,3,D,2.3,D,2.67,D,2.5,D,3,D,2.94,D,2.8,D,2.92,D,2.67,D,2.47,D,2.48,D,0.5,D,4.8,D,4,D,3.45,D,2.71,D,2.4,D,1_1,D,2.54,D,2.9,D,3.2,D,2.7,D,2.28,D,2.83,G,2.69,D,3.81,D,2.45,D,3.47,D,4.27,D,3.39,D,2.36,D,2.82,D,3.3,D,2.45,D,2.26,D,2.42,D,2.9,D,3.14,D,3,D,3,D,2.92,D,2.98,D,2.29,D,1.96,D,2.21,D,2.78,D,2.59,D,2.93,D,2.25,D,2.75,D,2.32,D,2.76,D,2.91,D,2.58,D,2.47,D,2.64,D,3,D,2.35,D,2.45,D,2.41,D,2.68
DG,3.63,DG,3.3,DG,2.91,DG,3.21,DG,2.54,DG,2.45,DG,3.26,DG,2.87,DG,2.72,DG,3.17,DG,3.29,DG,3.15,DG,3.01,DG,3.18,DG,3.9,DG,3.6,DG,2.67,DG,2.99,DG,3,DG,2.25,DG,3.98,DG,3.73,DG,2.98,DG,2.46,DG,3.31,G,3,DG,2.61,DG,2.97,DG,3.6,DG,3.1,G,3,DG,2.76,DG,2.7,DG,2.92,DG,2.98,DG,3.17,DG,,DG,3.2,DG,5.56,DG,3.26,DG,3.78,DG,3.3,DG,3.4,DG,2.95,DG,2.8,DG,2.9,DG,2.94,DG,3.51,DG,3.46,DG,3.56,DG,3.28,DG,3.2,DG,3,DG,3.16,,,DG,3.26,DG,3.52,DG,2.54,DG,3.67,DG,3.3,DG,2.5,DG,3.8,DG,3.8,DG,3.6,DG,3.8,DG,2.74,DG,3.48,DG,3.4,DG,2.98,DG,3.58,DG,3.28,DG,3.6,DG,3,DG,3.1,DG,3.67,DG,3.93,DG,3.3,DG,3.4,DG,3.63,DG,3.7,DG,3.86,DG,3.3,DG,3.2,DG,2.63,DG,2.89,DG,2.36,DG,2.77,DG,9.47,DG,3.9,DG,2.9,DG,3.3,DG,2.96,DG,3.2,DG,3.28,DG,3.28,DG,2.44,DG,3.37,DG,3.77,DG,3.2,DG,2.48,DG,2.53,AG,3,DG,3.44,DG,3.54,DG,2.77,DG,3.22,DG,4.1,DG,2.75,DG,3.16,DG,2.7,DG,2.7,DG,2.6,DG,3.35,DG,3.16,DG,3.25,DG,2.47,DG,2.95,DG,2.7,DG,2.92,DG,3.17,DG,3.83,DG,2.56,DG,3,DG,2.74,DG,2.7,DG,2.88,DG,3.1,DG,2.57,DG,2.7,DG,3.73,DG,4.2,DG,3.81,DG,2.65,DG,2.71,DG,2.75,DG,2.89,DG,3.49,DG,3.39,DG,2.77,DG,2.54,DG,4.52,DG,3,DG,2.69,DG,3.38,DG,2.6,DG,3.07,DG,2.78,DG,3.4,DG,3.33,DG,3.13,DG,3.3,DG,3.1,DG,2.86,DG,2.86,DG,,DG,5,DG,4.42,DG,3.86,DG,3,DG,2.66,DG,,DG,2.89,DG,3.26,DG,3.6,DG,3,DG,2.57,DG,3.2,DG,3,DG,4.27,DG,2.76,DG,3.8,DG,4.58,DG,3.77,DG,2.65,DG,3.16,DG,3.6,DG,2.71,DG,2.53,DG,2.73,DG,3.23,DG,3.49,DG,3.38,DG,3.36,DG,3.3,DG,3.36,DG,2.59,DG,2.2,DG,2.57,DG,3.12,DG,2.87,DG,3.28,DG,2.54,DG,3.1,DG,2.6,DG,3,DG,3.26,DG,2.91,DG,2.76,DG,2.97,DG,3.36,DG,2.65,DG,2.741,DG,2.7,DG,3
D,3.95,D,3.65,D,3.23,D,3.55,D,2.83,D,2.72,D,3.6,D,3.19,D,3.03,D,3.51,D,3.65,D,3.48,D,3.33,D,3.49,D,4.36,D,4,D,2.96,D,3.31,D,3.33,D,2.48,D,4.41,D,4.16,D,3.31,D,2.73,D,3.65,D,3.3,D,2.82,D,3.32,D,4,D,3.43,D,,D,3.05,D,3,D,3.22,D,3.27,D,3.49,D,,D,3.54,D,5.83,D,3.61,D,4.17,D,3.7,D,3.67,D,3.25,D,3.12,D,3.3,D,3.25,D,3.88,D,3.82,D,3.89,D,3.65,D,3.53,D,3.35,D,3.5,,,D,3.5,D,3.94,D,2.82,D,4,D,3.64,D,2.77,D,4.2,D,4.2,D,3.97,D,4.2,D,3.2,D,3.87,D,3.8,D,3.2,D,3.98,D,3.6,D,3.89,D,3.33,D,3.4,D,4,D,4.34,D,3.7,D,3.78,D,3.89,D,4.13,D,4.25,D,3.65,D,3.58,D,2.93,D,3.2,D,2.6,D,3.1,D,9.9,D,4.26,D,3.22,D,3.65,D,3.3,D,3.54,D,3.62,D,3.65,D,2.7,D,3.67,D,4.2,D,3.55,D,2.75,D,2.82,D,3.32,D,3.82,D,3.92,D,3,D,3.56,D,4.55,D,3,D,3.53,D,3,D,3,D,2.96,D,3.72,D,3.53,D,3.63,D,2.75,D,3.28,D,2.97,D,3.14,D,3.49,D,4.28,D,2.83,D,3.35,D,3,D,2.98,D,3.2,D,3.46,D,2.86,D,3,D,4.14,D,4.58,D,4.1,D,2.94,D,3,D,3,D,3.1,D,3.88,D,3.73,D,3.2,D,2.79,D,4.94,D,3.4,D,3,D,3.78,D,2.9,D,3.3,D,3,D,3.74,D,3.68,D,3.5,D,3.65,D,3.33,D,3.1,D,3.1,D,,D,5.33,D,4.85,D,4.27,D,3.37,D,2.97,D,,D,3.2,D,3.63,D,4,D,3.34,D,2.86,D,3.52,D,3.33,D,4.74,D,3.07,D,4.1,D,4.87,D,4.18,D,2.92,D,3.51,D,3.9,D,3,D,2.77,D,3,D,3.6,D,3.81,D,3.71,D,3.73,D,3.63,D,3.7,D,2.86,D,2.46,D,2.88,D,3.48,D,3.2,D,3.64,D,2.81,D,3.42,D,2.9,D,3.39,D,3.65,D,3.2,D,3.08,D,3.3,D,3.73,D,2.93,D,3,D,3,D,3.36
BD,4.27,BD,4,BD,3.56,BD,3.89,BD,3.1,BD,2.99,BD,3.94,BD,3.51,BD,3.3,BD,3.83,BD,3.99,BD,3.8,BD,3.64,BD,3.82,BD,4.8,BD,4.36,BD,3.23,BD,3.63,BD,3.66,BD,2.7,BD,4.82,BD,4.54,BD,3.65,BD,3.02,BD,4.01,BD,3.64,BD,3.1,BD,3.64,BD,4.4,BD,3.78,DG,3,BD,3.34,BD,3.3,BD,3.55,BD,3.59,BD,3.82,BD,,BD,3.9,BD,6.1,BD,3.96,BD,4.56,BD,4,BD,4,BD,3.55,BD,3.42,BD,3.6,BD,3.55,BD,4.28,BD,4.2,BD,4.22,BD,4,BD,3.86,BD,3.67,BD,3.8,,,BD,3.83,BD,4.33,BD,3.06,BD,4.4,BD,3.96,BD,3,BD,4.58,BD,4.57,BD,4.4,BD,4.6,BD,3.4,BD,4.2,BD,4.14,BD,3.52,BD,4.39,BD,3.98,BD,4.26,BD,3.65,BD,3.7,BD,4.35,BD,4.78,BD,4.1,BD,4.16,BD,4.24,BD,4.5,BD,4.63,BD,4,BD,3.92,BD,3.21,BD,3.5,BD,2.86,BD,3.35,D,10.38,BD,4.65,BD,3.54,BD,4,BD,3.6,BD,3.9,BD,3.98,BD,4,BD,2.97,BD,4,BD,4.6,BD,3.89,BD,3,BD,3.1,BD,3.64,BD,4.2,BD,4.33,BD,3.3,BD,3.92,BD,5,BD,3.39,BD,3.85,BD,3.32,BD,3.26,BD,3.15,BD,4.08,BD,3.85,BD,3.97,BD,3,BD,3.6,BD,3.25,BD,3.43,BD,3.83,BD,4.68,BD,3.1,BD,3.68,BD,3.3,BD,3.28,BD,3.53,BD,3.8,BD,3.11,BD,3.29,BD,4.55,BD,5,BD,4.43,BD,3.25,BD,3.28,BD,3.29,BD,3.38,BD,4.24,BD,4,BD,3.4,BD,3.1,BD,5.37,BD,3.74,BD,3.28,BD,4.15,BD,3.2,BD,3.62,BD,3.36,BD,4.11,BD,4,BD,3.83,BD,4,BD,3.64,BD,3.38,BD,3.39,BD,,BD,5.63,BD,5.27,BD,4.68,BD,3.7,BD,3.27,BD,,BD,3.51,BD,3.98,BD,4.41,BD,3.66,BD,3.13,BD,3.84,BD,3.65,BD,5.2,BD,3.38,BD,4.4,BD,5.19,BD,4.6,BD,3.2,BD,3.85,BD,4.18,BD,3.3,BD,3.07,BD,3.3,BD,3.91,BD,4.15,BD,4.06,BD,4.07,BD,4,BD,4,BD,3.12,BD,2.7,BD,3.23,BD,3.83,BD,3.5,BD,3.99,BD,3.1,BD,3.75,BD,3.16,BD,3.73,BD,4,BD,3.54,BD,3.35,BD,3.6,BD,4.08,BD,3.2,BD,3.3,BD,3.28,BD,3.67
D,4.57,D,4.35,D,3.86,D,4.23,D,3.38,D,3.26,D,4.27,D,3.82,D,3.6,D,4.2,D,4.35,D,4.12,D,3.94,D,4.15,D,5.23,D,4.73,D,3.5,D,3.94,D,3.99,D,2.94,D,5.23,D,4.96,D,3.98,D,3.3,D,4.35,D,3.97,D,3.39,D,3.96,D,4.7,D,4.13,D,,D,3.63,D,3.57,D,3.85,D,3.9,D,4.15,D,1_1.5,D,4.2,D,6.37,D,4.3,D,4.97,D,4.4,D,4.4,D,3.86,D,3.72,D,3.97,D,3.87,D,4.66,D,4.6,D,4.57,D,4.38,D,4.18,D,4,D,4.2,,,D,4.2,D,4.77,D,3.35,D,4.7,D,4.33,D,3.3,D,5,D,4.96,D,4.78,D,4.96,D,3.9,D,4.58,D,4.5,D,3.8,D,4.8,D,4.34,D,4.62,D,3.98,D,4,D,4.7,D,5.18,D,4.4,D,4.53,D,4.62,D,5,D,5,D,4.4,D,4.26,D,3.5,D,3.86,D,3.1,D,3.65,D,10.85,D,4.98,D,3.86,D,4.35,D,3.9,D,4.27,D,4.3,D,4.38,D,3.24,D,4.3,D,5.05,D,4.23,D,3.27,D,3.4,D,3.98,D,4.58,D,4.7,D,3.6,D,4.26,D,5.4,D,3.7,D,4.2,D,3.6,D,3.55,D,3.42,D,4.45,D,4.2,D,4.3,D,3.27,D,3.9,D,3.5,D,3.74,D,4.2,D,5.11,D,3.38,D,4,D,3.6,D,3.6,D,3.85,D,4.1,D,3.4,D,3.6,D,4.95,D,5.43,D,4.72,D,3.54,D,3.58,D,3.58,D,3.66,D,4.66,D,4.36,D,3.61,D,3.33,D,5.8,D,4.1,D,3.6,D,4.54,D,3.5,D,3.94,D,3.66,D,4.5,D,4.37,D,4.17,D,4.35,D,3.94,D,3.66,D,3.67,D,1_3,D,5.9,D,5.7,D,5.1,D,4,D,3.55,D,1_1,D,3.83,D,4.32,D,4.8,D,3.94,D,3.41,D,4.2,D,3.97,D,5.64,D,3.7,D,4.72,D,5.48,D,5,D,3.5,D,4.2,D,4.45,D,3.57,D,3.33,D,3.57,D,4.29,D,4.5,D,4.43,D,4.44,D,4.32,D,4.4,D,3.41,D,2.94,D,3.55,D,4.2,D,3.81,D,4.36,D,3.37,D,4.07,D,3.46,D,4.05,D,4.37,D,3.84,D,3.7,D,3.94,D,4.45,D,3.5,D,3.6,D,3.58,D,4
G,4.9,G,4.7,G,4.12,G,4.59,G,3.65,G,3.52,G,4.61,G,4.14,G,3.88,G,4.5,G,4.7,G,4.39,G,4.23,G,4.45,G,5.65,G,5.13,G,3.78,G,4.26,G,4.31,G,3.16,G,5.64,G,5.36,G,4.31,G,3.56,G,4.7,G,4.3,G,3.65,G,4.29,G,5.09,G,4.46,G,,G,3.91,G,3.86,G,4.15,G,4.21,G,4.45,G,1_1.5,G,4.57,G,6.65,G,4.58,G,5.35,G,4.75,G,4.7,G,4.2,G,4,GF,4.31,G,4.2,G,5.02,G,4.95,G,4.9,G,4.74,G,4.52,G,4.35,G,4.5,,,G,4.5,G,5.22,G,3.6,G,5.1,G,4.66,G,3.57,G,5.3,G,5.3,G,5.2,GF,5.3,G,4.13,G,4.95,G,4.86,G,4.13,G,5.18,G,4.7,G,5,G,4.3,G,4.3,G,5,G,5.6,G,4.77,G,4.87,G,5,G,5.37,G,5.4,G,4.77,G,4.6,G,3.8,G,4.17,G,3.37,G,3.93,G,11.27,G,5.3,G,4.2,G,4.69,G,4.3,G,4.62,G,4.67,G,4.73,G,3.5,G,4.6,G,5.46,G,4.56,G,3.53,G,3.66,G,4.3,G,4.94,G,5.1,G,3.9,G,4.6,G,5.84,G,4,G,4.55,G,3.9,G,3.85,G,3.7,G,4.79,G,4.54,G,4.66,G,3.55,G,4.24,G,3.8,G,4,G,4.55,G,5.53,G,3.66,G,4.32,G,3.9,G,3.88,G,4.15,G,4.45,G,3.68,G,3.89,G,5.35,G,5.87,G,5,G,3.83,G,3.87,G,3.87,G,3.94,G,5,G,4.66,G,4,G,3.6,G,6.2,G,4.42,G,3.88,G,4.9,G,3.76,G,4.3,G,3.97,G,4.85,G,4.74,G,4.5,G,4.7,G,4.25,G,3.95,G,3.95,G,,G,6.2,G,6.1,G,5.5,G,4.38,G,3.85,G,,G,4.16,G,4.68,G,5.18,G,4.27,G,3.7,G,4.5,G,4.32,G,6.1,G,4,G,5,G,5.8,G,5.39,G,3.76,G,4.52,G,4.75,G,3.9,G,3.6,G,3.86,G,4.65,G,4.84,G,4.82,G,4.77,G,4.7,G,4.74,G,3.69,G,3.17,G,3.88,G,4.54,G,4.12,G,4.71,G,3.64,G,4.41,G,3.72,G,4.4,G,4.72,G,4.14,G,3.97,G,4.25,G,4.81,G,3.8,G,3.87,G,3.88,G,4.35
D,5.22,D,5.07,D,4.5,D,4.95,D,3.91,D,3.78,D,4.96,D,4.48,D,4.18,D,4.87,D,5.08,D,4.7,D,4.54,D,4.76,D,6.11,D,5.52,D,4.06,D,4.59,D,4.63,D,3.39,D,6.06,D,5.8,D,4.64,D,3.84,D,5.08,D,4.66,D,3.94,D,4.63,D,5.48,D,4.8,D,,D,4.22,D,4.16,D,4.5,D,4.53,D,4.77,D,1_1,D,4.92,D,6.92,D,5,D,5.78,D,5.14,D,5.12,D,4.48,D,4.33,D,4.67,D,4.53,D,5.43,D,5.34,D,5.26,D,5.12,D,4.87,D,4.67,D,4.83,,,D,4.8,D,5.67,D,3.9,D,5.45,D,5,D,3.84,D,5.7,D,5.7,D,5.6,D,5.68,D,4.37,D,5.32,D,5.24,D,4.48,D,5.57,D,5.1,D,5.39,D,4.65,D,4.6,D,5.4,D,6,D,5.16,D,5.23,D,5.38,D,5.77,D,5.82,D,5.14,D,4.9,D,4.1,D,4.49,D,3.6,D,4.25,D,11.7,D,5.66,D,4.5,D,5,D,4.59,D,5,D,5,D,5.1,D,3.75,D,4.94,D,5.89,D,4.9,D,3.79,D,3.96,D,4.62,D,5.32,D,5.48,D,4.16,D,5,D,6.27,D,4.3,D,4.89,D,4.2,D,4.14,D,4,D,5.16,D,4.9,D,5,D,3.8,D,4.54,D,4.1,D,4.37,D,4.88,D,5.97,D,3.94,D,4.63,D,4.2,D,4.18,D,4.45,D,4.79,D,3.97,D,4.22,D,5.75,D,6.29,D,5.32,D,4.12,D,4.15,D,4.16,D,4.26,D,5.44,D,4.99,D,4.22,D,3.85,D,6.66,D,4.75,D,4.2,D,5.28,D,4,D,4.6,D,4.28,D,5.2,D,5.1,D,4.85,D,5.1,D,4.58,D,4.26,D,4.25,D,,D,6.48,D,6.5,D,6,D,4.7,D,4.14,D,,D,4.48,D,5,D,5.59,D,4.57,D,3.98,D,4.83,D,4.6,D,6.57,D,4.33,D,5.33,D,6.12,D,5.78,D,4,D,4.88,D,5.05,D,4.17,D,3.88,D,4.13,D,5,D,5.19,D,5.17,D,5.14,D,5.05,D,5.12,D,3.98,D,3.43,D,4.2,D,4.88,D,4.46,D,5.06,D,3.9,D,4.74,D,4,D,4.7,D,5.1,D,4.44,D,4.27,D,4.57,D,5.16,D,4.1,D,4.16,D,4.18,D,4.7
BD,5.52,BD,5.45,BD,4.85,BD,5.31,BD,4.2,BD,4.06,BD,5.31,BD,4.82,BD,4.48,BD,5.2,BD,5.45,BD,5,BD,4.84,BD,5.08,BD,6.54,BD,5.92,BD,4.36,BD,4.91,BD,4.96,BD,3.6,BD,6.5,BD,6.2,BD,5,BD,4.12,BD,5.43,BD,4.99,BD,4.21,BD,4.93,BD,5.9,BD,5.12,BDE,3,BD,4.5,BD,4.44,BD,4.83,BD,4.83,BD,5.1,BD,,BD,5.29,BD,7.18,BD,5.35,BD,6.2,BD,5.5,BD,5.46,BD,4.8,BD,4.62,BD,5,BD,4.85,BD,5.8,BD,5.69,BD,5.6,BD,5.5,BD,5.3,BD,5,BD,5.2,,,BD,5.1,BD,6,BD,4.13,BD,5.78,BD,5.4,BD,4.12,BD,6.1,BD,6.1,BD,6,BD,6,BD,4.6,BD,5.73,BD,5.6,BD,4.8,BD,5.98,BD,5.46,BD,5.8,BD,4.98,BD,4.91,BD,5.75,BD,6.45,BD,5.5,BD,5.6,BD,5.8,BD,6.2,BD,6.2,BD,5.55,BD,5.3,BD,4.38,BD,4.81,BD,3.89,BD,4.54,D,12.12,BD,6,BD,4.8,BD,5.4,BD,4.92,BD,5.34,BD,5.38,BD,5.45,BD,4,BD,5.3,BD,6.28,BD,5.24,BD,4,BD,4.25,BD,4.99,BD,5.7,BD,5.85,BD,4.5,BD,5.32,BD,6.7,BD,4.63,BD,5.25,BD,4.5,BD,4.45,BD,4.28,BD,5.54,BD,5.25,BD,5.4,BD,4.1,BD,4.85,BD,4.4,BD,4.69,BD,5.2,BD,6.38,BD,4.23,BD,4.95,BD,4.48,BD,4.49,BD,4.78,BD,5.1,BD,4.34,BD,4.53,BD,6.18,BD,6.66,BD,5.68,BD,4.4,BD,4.45,BD,4.46,BD,4.57,BD,5.79,BD,5.32,BD,4.43,BD,4.15,BD,7.1,BD,5.1,BD,4.5,BD,5.67,BD,4.35,BD,4.95,BD,4.57,BD,5.58,BD,5.48,BD,5.22,BD,5.48,BD,4.91,BD,4.58,BD,4.57,BD,,BD,6.77,BD,6.94,BD,6.36,BD,5,BD,4.43,BD,,BD,4.8,BD,5.38,BCD,6,BD,4.9,BD,4.3,BD,5.18,BD,5,BD,7,BD,4.65,BD,5.65,BD,6.4,BD,6.2,BD,4.42,BD,5.23,BD,5.33,BD,4.46,BD,4.17,BD,4.4,BD,5.36,BD,5.54,BD,5.54,BD,5.5,BD,5.42,BD,5.5,BD,4.26,BD,3.68,BD,4.53,BD,5.22,BD,4.78,BD,5.4,BD,4.18,BD,5.07,BD,4.31,BD,5.04,BD,5.42,BD,4.78,BD,4.55,BD,4.9,BD,5.52,BD,4.36,BD,4.46,BD,4.47,BD,5
D,5.87,D,5.8,D,5.12,D,5.65,D,4.5,D,4.35,D,5.66,D,5.15,D,4.78,D,5.56,D,5.82,D,5.3,D,5.15,D,5.7,D,6.96,D,6.32,D,4.65,D,5.24,D,5.28,D,3.82,D,6.92,D,6.65,D,5.32,D,4.41,D,5.79,D,5.34,D,4.5,D,5.25,D,6.3,D,5.48,DG,6,D,4.83,D,4.74,D,5.17,D,5.2,D,5.43,D,1_6,D,5.64,D,7.46,D,5.7,D,6.58,D,5.9,D,5.82,D,5.1,D,4.93,D,5.39,D,5.2,D,6.2,D,6,D,6.3,D,5.85,D,5.54,D,5.37,D,5.53,,,D,5.5,D,6.5,D,4.64,D,6.15,D,5.73,D,4.36,D,6.5,D,6.5,D,6.39,D,6.46_7.2,D,5.28,D,6.13,D,6,D,5.13,D,6.38,D,5.78,D,6.18,D,5.34,D,5.22,D,6.12,D,6.91,D,5.88,D,6,D,6.2,D,6.6,D,6.6,D,5.9,D,5.7,D,4.69,D,5.14,D,4.13,D,4.82,D,12.99,D,6.64_6.88,D,5.14,D,5.76,D,5.28,D,5.73,D,5.75,D,5.83,D,4.34,D,5.56,D,6.69,D,5.56,D,4.32,D,4.54,D,5.4,D,5.95,D,6.26,D,4.8,D,5.67,D,7.16,D,4.94,D,5.6,D,4.8,D,4.75,D,4.55,D,5.9,D,5.59,D,5.73,D,4.3,D,5.17,D,4.67,D,5,D,5.6,D,6.82,D,4.5,D,5.26_5.57,D,4.76,D,4.78,D,5.1,D,5.47,D,4.53,D,4.96,D,6.6,D,7,D,6.15_8.93,D,4.72,D,4.74,D,4.75,D,4.88,D,6.2,D,5.78_6,D,5.24,D,4.4,D,7.78,D,5.45,D,4.8,D,6,D,4.65,D,5.3,D,4.87,D,5.98,D,5.85,D,5.56,D,5.85,D,5.22,D,4.88,D,4.88,D,1_1.5,D,7,D,7.36,D,6.75,D,5.4,D,4.73,D,1_1,D,5.12,D,5.73,D,6.38,D,5.2,D,4.59,D,5.53,D,5.33,D,7.46,D,4.95,D,5.96,D,6.73,D,6.62,D,4.6,D,5.57,D,5.65,D,4.77,D,4.44,D,4.69,D,5.69,D,5.88,D,5.89,D,5.87,D,5.79,D,5.9,D,4.53,D,3.93,D,4.87,D,5.58,D,5.1,D,5.75,D,4.45,D,5.4,D,4.6,D,5.36,D,5.79,D,5.1,D,4.88,D,5.26,D,5.86,D,4.64,D,4.74,D,4.78,D,5.36
BG,6.2,BG,6.15,BG,5.45,BG,5.99,BG,4.77,BG,4.62,BG,6,BG,5.44,BG,5.08,BG,5.91,BG,6.19,BG,5.6,BG,5.44,BG,6,BG,7.38,BG,6.7,BG,4.94,BG,5.55,BG,5.6,BG,4.03,BG,7.35,BG,7.05,BG,5.65,BG,4.67,BG,6.13,BG,5.67,BG,4.77,BG,5.57,BG,6.77,BG,5.81,AG,,BG,5.14,BG,5.02,BG,5.48,BG,5.56,BG,5.73,BG,1.5,BG,6.02,BG,7.72,BG,6,BG,7,BG,6.22,BG,6.18,BG,5.4,BG,5.22,BG,5.74,BG,5.52,BG,6.56,BG,6.4,BG,6.6,BG,6.2,BG,5.98,BG,5.7,BG,5.85,,,BG,5.8,BG,6.96,BG,4.89,BG,6.5,BG,6.1,BG,4.6,BG,6.9,BG,6.88,BG,6.8,BG,7.58,BG,5.55,BG,6.5,BG,6.35,BG,5.44,BG,6.78,BG,6.14,BG,6.58,BG,5.69,BG,5.54,BG,6.45,BG,7.33,BG,6.23,BG,6.3,BG,6.6,BG,7,BG,7,BG,6.4,BG,6.05,BG,4.99,BG,5.54,BG,4.4,BG,5.11,BG,14.6,BG,7.28,BG,5.45,BG,6,BG,5.6,BG,6,BG,6.1,BG,6.17,BG,4.57,BG,5.88,BG,7.1,BG,5.88,BG,4.6,BG,4.8,BG,5.73,BG,6.4,BG,6.64,BG,5.1,BG,6,BG,7.6,BG,5.25,BG,5.95,BG,5.1,BG,5,BG,4.83,BG,6.27,BG,5.95,BG,6,BG,4.6,BG,5.48,BG,4.95,BG,5.3,BG,5.9,BG,7.26,BG,4.77,BG,5.89,BG,5,BG,5,BG,5.4,BG,5.8,BG,4.8,BG,5.3,BG,7,BG,7.46,BG,9.28,BG,5,BG,5,BG,5,BG,5.2,BG,6.57,BG,6.27,BG,5.43,BG,4.66,BG,8.26,BG,5.77,BG,5.1,BG,6.4,BG,4.94,BG,5.64,BG,5.16,BG,6.37,BG,6.2,BG,5.88,BG,6.25,BG,5.62,BG,5.2,BG,5.2,BG,,BG,7.34,BG,7.79,BG,7.16,BG,5.73,BG,5,BG,,BG,5.46,BG,6.1,BG,6.77,BG,5.5,BG,4.89,BG,5.87,BG,5.67,BG,7.9,BG,5.25,BG,6.28,BG,7,BG,7,BG,4.9,BG,5.93,BG,5.91,BG,5.1,BG,4.7,BG,4.97,BG,6,BG,6.2,BG,6.25,BG,6.23,BG,6.14,BG,6.24,BG,4.83,BG,4.17,BG,5.2,BG,5.9,BG,5.38,BG,6.1,BG,4.72,BG,5.76,BG,4.88,BG,5.67,BG,6.13,BG,5.4,BG,5.18,BG,5.6,BG,7,BG,4.94,BG,5,BG,5.1,BG,5.71
D,6.5,D,6.5,D,5.74,D,6.36,D,5.05,D,4.88,D,6.32,D,5.76,D,5.36,D,6.24,D,6.56,D,5.89,D,5.91,D,6.58,D,7.8,D,7.09,D,5.23,D,5.88,D,5.92,D,4.24,D,7.76_8.53,D,7.47,D,5.97,D,4.92,D,6.49,D,6,D,5.05,D,5.88,D,7.05,D,6.15,D,,D,5.44,D,5.3,D,5.8,D,5.85,D,6,D,1.5,D,6.34,D,7.97,D,6.4,D,7.36,D,6.6,D,6.54,D,5.7,D,5.5,D,6.14,D,5.83,D,6.98,D,6.76,D,6.96,D,6.58,D,6.22,D,6,D,6.2,,,D,6.1,D,7.36,D,5.35,D,6.86,D,6.44,D,4.86,D,7.26,D,7.27,D,7.16,D,7.96,D,5.8,D,6.9,D,6.73,D,5.74,D,7.18,D,6.5,D,6.95,D,6,D,5.85,D,6.8,D,7.76,D,6.6,D,6.67,D,6.94,D,7.4,D,7.36,D,6.68,D,6.37,D,5.28,D,5.78,D,4.66,D,5.4,D,15.43_16.66,D,7.59,D,5.77,D,6.4,D,5.96,D,6.42,D,6.45,D,6.51,D,4.86,D,6.19,D,7.5,D,6.22,D,4.84,D,5.1,D,6.06,D,6.76,D,7,D,5.42,D,6.38,D,8,D,5.58,D,6.3,D,5.4,D,5.34,D,5.1,D,6.62,D,6.29,D,6.4,D,4.88,D,5.8,D,5.22,D,5.6,D,6.27,D,7.67,D,5,D,6.19,D,5.32,D,5.36,D,5.7,D,6.14,D,5.1,D,5.54,D,7.44,D,7.82,D,9.6,D,5.3,D,5.35,D,5.33,D,5.5,D,6.96,D,6.71,D,5.8,D,4.96,D,8.7,D,6.1,D,5.37,D,6.8,D,5.22,D,5.95,D,5.45,D,6.75,D,6.54,D,6.22,D,6.62,D,5.85,D,5.52,D,5.5,D,0.5,D,7.63,D,8.2,D,7.56,D,6,D,5.3,D,1_1,D,5.8,D,6.4,D,7.12,D,5.82,D,5.18,D,6.2,D,6,D,8.39,D,5.54,D,6.56,D,7.3,D,7.36,D,5.19,D,6.24,D,6.2,D,5.37,D,4.95,D,5.24,D,6.38,D,6.54,D,6.58,D,6.57,D,6.48,D,6.6,D,5.1,D,4.44,D,5.54,D,6.25,D,5.7,D,6.44,D,5,D,6.08,D,5.17,D,6,D,6.5,D,5.7,D,5.47,D,5.9,D,7.34,D,5.21,D,5.29,D,5.38,D,6
B,6.85,B,6.81,B,6.06,B,6.7,B,5.33,B,5.15,B,6.69,B,6.05,B,5.66,B,6.58,B,6.93,B,6.18,B,6.25,B,6.89,B,8.28,B,7.47,B,5.51,B,6.2,B,6.24,B,4.46,B,8.93,B,7.85,B,6.29,BD,5.2,B,6.9,B,6.34,B,5.33,B,6.2,B,7.47,B,6.48,B,1_1,B,5.75,B,5.59,B,6.12,B,6.15,B,6.3,B,1,B,6.68,B,8.24,B,6.76,B,7.74,B,6.99,B,6.88,B,6,B,5.81,B,6.48,B,6.13,B,7.36,B,7.12,B,7.3,B,6.92,B,6.58,B,6.35,B,6.5,,,B,6.45,B,7.75,B,5.6,B,7.2,B,6.77,B,5.16,B,7.68,B,7.7,B,7.56,B,8.36,B,6,B,7.27,B,7.1,B,6,B,7.59,B,6.86,B,7.3,B,6.33,B,6.13,B,7.16,B,8.19,B,6.98,B,7,B,7.32,B,7.84,B,7.7,B,7.1,B,6.75,B,5.6,B,6.14,B,4.93,B,5.7,B,17.1,B,8,B,6.1,B,6.8,B,6.23,B,6.78,B,6.78,B,6.9,B,5.12,B,6.5,B,7.95,B,6.54,B,5.13,B,5.36,B,6.37,B,7.1,B,7.43,B,5.73,B,6.7,B,8.48,B,5.9,B,6.6,B,5.7,B,5.65,B,5.37,B,6.98,B,6.62,B,6.76,B,5.17,B,6.11,B,5.5,B,5.93,B,6.6,B,8.07,B,5.33,B,6.5,B,5.59,B,5.67,B,6,B,6.47,B,5.37,B,5.84,B,7.77,B,8.27,B,9.93,B,5.62,B,5.64,B,5.63,B,5.8,B,7.32,B,7,B,6,B,5.22,B,9.37,B,6.42,B,5.66,B,7.18,B,5.5,B,6.27,B,5.75,B,7.14,B,6.9,B,6.56,B,7,B,6.17,B,5.8,B,5.8,B,,B,7.94,B,8.6,B,8,B,6.4,B,5.57,B,,B,6.11,B,6.77,B,7.5,B,6.11,B,5.48,B,6.53,B,6.34,B,8.83,B,5.87,B,6.86,B,7.6,B,7.76,B,5.51,B,6.59,B,6.5,B,5.67,B,5.25,B,5.5,B,6.72,B,6.87,B,6.93,B,6.92,B,6.82,B,6.96,B,5.37,B,4.71,B,5.87,B,6.6,B,6,B,6.77,B,5.28,B,6.42,B,5.45,B,6.32,B,6.83,B,6,B,5.78,B,6.25,B,7.68,B,5.5,B,5.58,B,5.66,B,6.35
CD,7.16,CD,7.15,CD,6.37,CD,7.07,CD,5.6,CD,5.42,CD,7,CD,6.38,CD,5.93,CD,6.94,CD,7.32,CD,6.48,CD,7.05,CD,7.62,CD,8.72,CD,7.87,CD,5.79,CD,6.5,CD,6.56,CD,4.65,CD,9.34,CD,8.62,CD,6.62,BC,5.48,CD,7.2,CD,6.66,CD,5.6,CD,6.52,CD,7.85,CD,6.83,CD,1_3,CD,6.06,CD,5.88,CD,6.48,CD,6.47,CD,6.66,C#D,1_1,CD,7.03,CD,8.5,CD,7.1,CD,8.12,CD,7.35,CD,7.24,CD,6.3,CD,6.13,CD,6.85,CD,6.45,CD,7.75,CD,7.49,CD,7.65,CD,7.26,CD,6.93,CD,6.7,CD,6.84,,,CD,6.8,CD,8.2,CD,6,CD,7.6,CD,7.12,CD,5.44,CD,8.1,CD,8.1,CD,7.96,CD,8.7,CD,6.5,CD,7.66,CD,7.46,CD,6.36,CD,8,CD,7.2,CD,7.7,CD,6.66,CD,6.43,CD,7.51,CD,8.62,CD,7.32,CD,7.4,CD,7.7,CD,8.27,CD,8.1,CD,7.44,CD,7.11,CD,5.88,CD,6.46,CD,5.17,CD,5.97,C,17.5_18.33,CD,8.28,CD,6.43,CD,7.16,CD,6.58,CD,7.15,CD,7.16,CD,7.3,CD,5.42,CD,6.8,CD,8.37,CD,6.88,CD,5.4,CD,5.66,CD,6.69,CD,7.46,CD,7.8,CD,6,CD,7.1,CD,8.9,CD,6.2,CD,6.97,CD,6,CD,5.95,CD,5.62,CD,7.38,CD,6.97,CD,7.1,CD,5.44,CD,6.4,CD,5.77,CD,6.26,CD,6.95,CD,8.51,CD,5.62,CD,6.8,CD,5.9,CD,5.97,CD,6.34,CD,6.8,CD,5.68,CD,6.19,CD,8.28,CD,8.68,CD,10.27,CD,5.9,CD,5.92,CD,5.9,CD,6.12,CD,7.71,CD,7.36,CD,6.4,CD,5.48,CD,9.84,CD,6.76,CD,5.97,CD,7.58,CD,5.8,CD,6.62,CD,6,CD,7.53,CD,7.24,CD,6.92,CD,7.33,CD,6.5,CD,6.1,CD,6.12,CD,1_2,CD,8.22,CD,9,CD,8.37,CD,6.74,CD,5.87,CD,1_2,CD,6.44,CD,7.1,CD,7.9,CD,6.44,CD,5.75,CD,6.85,CD,6.66,CD,9.29,CD,6.17,CD,7.21,CD,7.95,CD,8.14,CD,5.8,CD,6.92,CD,6.77,CD,5.98,CD,5.51,CD,5.75,CD,7.1,CD,7.22,CD,7.3,CD,7.28,CD,7.2,CD,7.27,CD,5.65,CD,4.95,CD,6.2,CD,6.94,CD,6.32,CD,7.14,CD,5.57,CD,6.76,CD,5.74,CD,6.66,CD,7.2,CD,6.33,CD,6.11,CD,6.57,CD,8.02,CD,5.8,CD,5.89,CD,5.95,CD,6.71
EG,7.48,EG,7.51,EG,6.79,G,7.43,EG,5.87,EG,5.69,EG,7.33,EG,6.69,EG,6.22,EG,7.27,EG,7.67,EG,6.77,EG,7.35,EG,7.86,EG,9.18,EG,8.25,EG,6.08,EG,6.82,EG,6.88,EG,4.85,EG,9.74,EG,9.04,EG,6.92,EDG,6,EG,7.56,EG,6.99,EG,5.89,EG,6.89,EG,8.24,EG,7.17,EG,1_1,EG,6.36,EG,6.16,EG,6.79,EG,6.79,EG,6.97,EG,,EG,7.37,EG,8.77,EG,7.47,EG,8.53,EG,7.7,EG,7.6,EG,6.63,EG,6.43,EG,7.2,EG,6.76,EG,8.13,EG,7.86,EG,7.95,EG,7.63,EG,7.26,EG,7,EG,7.2,,,EG,7.1,EG,8.6,EG,6.32,EG,7.9,EG,7.47,EG,5.7,EG,8.47,EG,8.47,EG,8.36,EG,9.11,EG,7,EG,8,EG,7.84,EG,6.7,EG,8.38,EG,7.55,EG,8.1,EG,7,EG,6.73,EG,7.86,EG,9,EG,7.7,EG,7.83,EG,8.1,EG,8.7,EG,8.44,EG,7.8,EG,7.5,EG,6.18,EG,6.8,EG,5.47,EG,6.27,EG,18.77,EG,8.64,EG,6.76,EG,7.5,EG,6.9,EG,7.52,EG,7.5,EG,7.64,EG,5.68,EG,7.14,EG,8.77,EG,7.2,EG,5.67,EG,5.94,EG,7.03,EG,7.85,EG,8.2,EG,6.3,EG,7.4,EG,9.34,EG,6.52,EG,7.31,EG,6.32,EG,6.26,EG,5.9,EG,7.75,EG,7.3,EG,7.44,EG,5.7,EG,6.7,EG,6,EG,6.56,EG,7.28,EG,8.93,EG,5.9,EG,7.16,EG,6.2,EG,6.28,EG,6.65,EG,7.15,EG,5.94,EG,6.45,EG,8.77,EG,9,EG,10.59,EG,6.2,EG,6.2,EG,6.2,EG,6.4,EG,8.1,EG,7.67,EG,6.63,EG,5.76,EG,10.27,EG,7.1,EG,6.27,EG,7.96,EG,6.1,EG,6.95,EG,6.35,EG,7.92,EG,7.6,EG,7.27,EG,7.73,EG,6.9,EG,6.42,EG,6.4,EG,,EG,8.49,EG,9.45,EG,8.8,EG,7.1,EG,6.17,EG,,EG,6.77,EG,7.46,EG,8.3,EG,6.75,EG,6,EG,7.2,EG,7,EG,9.73,EG,6.48,EG,7.51,EG,8.25,EG,8.53,EG,6,EG,7.29,EG,7.1,EG,6.27,EG,5.8,EG,6,EG,7.45,EG,7.57,EG,7.66,EG,7.63,EG,7.57,EG,7.63,EG,5.94,EG,5.17,EG,6.55,EG,7.28,EG,6.63,EG,7.49,EG,5.84,EG,7.1,EG,6,EG,7,EG,7.54,EG,6.63,EG,6.4,EG,6.89,EG,8.39,EG,6.1,EG,6.21,EG,6.26,EG,7
D,7.79,D,7.87,D,7.02,D,7.8,D,6.13,D,5.95,D,7.68,D,7.04,D,6.54,D,7.6,D,8.07,D,7.06,D,7.69,D,8.19,D,9.63,D,8.63,D,6.36,D,7.15,D,7.2,D,5.06,D,10.14,D,9.46,D,7.24,D,6.34,D,7.9,D,7.35,D,6.18,D,7.07,D,8.6,D,7.51,D,1_3,D,6.68,D,6.46,D,7.12,D,7.1,D,7.28,D,1_2,D,7.72,D,9.05,D,7.79,D,8.9,D,8.08,D,7.95,D,6.94,D,6.75,D,7.56,D,7.1,D,8.51,D,8.22,D,8.3,D,8,D,7.6,D,7.39,D,7.5,,,D,7.43,D,9,D,6.57,D,8.3,D,7.82,D,6,D,8.84,D,8.83,D,8.78,D,9.5,D,7.25,D,8.43,D,8.2,D,7,D,8.8,D,7.92,D,8.45,D,7.33,D,7,D,8.22,D,9.46,D,8,D,8.11,D,8.46,D,9.13,D,8.85,D,8.2,D,7.83,D,6.48,D,7.15,D,5.7,D,6.6,D,19.42,D,8.97,D,7.1,D,7.85,D,7.24,D,7.88,D,7.89,D,8,D,6,D,7.49,D,9.2,D,7.54,D,5.93,D,6.23,D,7.33,D,8.22,D,8.55,D,6.6,D,7.8,D,9.78,D,6.87,D,7.7,D,6.63,D,6.57,D,6.17,D,8.13,D,7.68,D,7.8,D,5.96,D,7,D,6.3,D,6.87,D,7.62,D,9.39,D,6.19,D,7.49,D,6.5,D,6.58,D,6.94,D,7.5,D,6.24,D,6.8,D,9.2,D,9.48,D,10.9,D,6.52,D,6.5,D,6.49,D,6.7,D,8.5,D,7.99,D,6.8,D,6,D,10.73,D,7.45,D,6.58,D,8.34,D,6.4,D,7.26,D,6.66,D,8.31,D,7.97,D,7.6,D,8.1,D,7.14,D,6.7,D,6.7,D,,D,8.78,D,9.88,D,9.2,D,7.43,D,6.45,D,,D,7.11,D,7.8,D,8.68,D,7,D,6.34,D,7.5,D,7.35,D,10.18,D,6.78,D,7.83,D,8.57,D,8.9,D,6.36,D,7.61,D,7.4,D,6.58,D,6.1,D,6.27,D,7.79,D,7.9,D,8,D,8,D,7.95,D,7.98,D,6.21,D,5.44,D,6.87,D,7.65,D,6.95,D,7.84,D,6.1,D,7.43,D,6.35,D,7.32,D,7.93,D,6.92,D,6.7,D,7.2,D,8.74,D,6.38,D,6.49,D,6.54,D,7.38
BD,8.11,BD,8.25,BD,7.35,BC,8.15,BD,6.42,BD,6.22,BD,8.03,BD,7.35,BD,6.82,BD,7.94,BD,8.42,BD,7.34,BD,8,BD,8.52,BD,10.08,BD,9,BD,7.03,BD,7.48,BD,7.52,BD,5.27,BD,10.54,BD,9.9,BD,7.58,B,6.55,BD,8.26,BD,7.69,BD,6.39,BD,7.44,BD,9.02,BD,7.84,BD,1_15,BD,6.97,BD,6.75,BD,7.45,BD,7.4,BD,7.54,BD,1.5,BD,8.07,BD,9.35,BD,8.15,BD,9.3,BD,8.47,BD,8.29,BD,7.26,BD,7,BD,7.92,BD,7.44,BD,8.9,BD,8.6,BD,8.65,BD,8.35,BD,7.92,BD,7.7,BD,7.88,,,BD,7.8,BD,9.5,BD,6.8,BD,8.64,BD,8.15,BD,6.3,BD,9.2,BD,9.23,BD,9.17,BD,9.84,BD,7.48,BD,8.79,BD,8.57,BD,7.36,BD,9.2,BD,8.3,BD,8.85,BD,7.66,BD,7.34,BD,8.59,BD,9.88,BD,8.4,BD,8.4,BD,8.86,BD,9.54,BD,9.2,BD,8.56,BD,8.2,BD,6.79,BD,7.47,BD,5.98,BD,6.9,BD,19.92,BD,9.3,BD,7.4,BD,8.2,BD,7.58,BD,8.23,BD,8.27,BD,8.37,BD,6.29,BD,7.77,BD,9.65,BD,7.86,BD,6.24,BD,6.52,BD,7.62,BD,8.63,BD,8.95,BD,6.87,BD,8.45,BD,10.22,BD,7.2,BD,8,BD,6.95,BD,6.9,BD,6.5,BD,8.52,BD,8,BD,8,BD,6.35,BD,7.33,BD,6.6,BD,7.18,BD,7.99,BD,9.82,BD,6.49,BD,7.8,BD,6.82,BD,6.88,BD,7.26,BD,7.85,BD,6.52,BD,7.14,BD,9.78,BD,9.92,BD,11.22,BD,6.8,BD,6.78,BD,6.78,BD,7,BD,8.89,BD,8.31,BD,7.22,BD,6.33,BD,11.17,BD,7.8,BD,6.89,BD,8.76,BD,6.7,BD,7.6,BD,6.97,BD,8.69,BD,8.36,BD,7.97,BD,8.47,BD,7.46,BD,7,BD,7,BD,,BD,9,BD,10.32,BD,9.6,BD,7.75,BD,6.75,BD,1_1,BD,7.43,BD,8.18,BD,9,BD,7.36,BD,6.62,BD,7.9,BD,7.7,BD,10.64,BD,7.1,BD,8.13,BD,8.86,BD,9.31,BD,6.65,BD,7.94,BD,7.7,BD,6.88,BD,6.38,BD,6.53,BD,8.16,BD,8.23,BD,8.36,BD,8.35,BD,8.32,BD,8.3,BD,6.47,BD,5.69,BD,7.21,BD,8,BD,7.26,BD,8.18,BD,6.39,BD,7.76,BD,6.66,BD,7.65,BD,8.3,BD,7.25,BD,7,BD,7.52,BD,9.11,BD,6.66,BD,6.86,BD,6.84,BD,7.72
D,8.42,D,8.61,D,7.72,D,8.5_9.5,D,6.7,D,6.5,D,8.38,D,7.68,D,7.39,D,8.27_8.81,D,8.8,D,7.93,D,8.64_12.66,D,9.2,D,10.53,D,9.4,CD,7.67,D,8.16,D,7.86_8.2,D,5.72,D,11.04_12.06,D,10.32_12.76,D,7.92_9.86,D,6.79_7.31,D,8.62,D,8.08,D,6.76_7.67,D,8.03,D,9.42_10.23,D,8.19,D,0.75,D,7.38_8.62,D,7.34_7.78,D,8.33,D,7.95,D,7.86_8.72,D,1_5.5,D,8.46,D,9.64,D,8.79,D,9.7,D,8.87,D,8.67,D,7.58_8.06,D,7.38,D,8.7,D,7.82,D,9.34,D,9.35,D,9.37_10.21,D,8.7,D,8.27,D,8,D,8.22,,,D,8.28,D,9.9,D,7.3,D,9,D,8.49,D,6.62,D,9.65,D,9.65,D,9.6,D,10.2,D,8_8.74,D,9.2,D,8.93,D,7.7,D,9.64,D,8.7_9,D,9.25,D,8.29,D,7.95_8.54,D,8.9,D,10.35,D,8.8,D,8.98,D,9.26,D,9.77_10.3,D,9.6_10.4,D,8.93,D,8.58,D,7.12,D,7.82,D,6.24,D,7.54_10,D,20.62_28.9,D,10_11.12,D,7.72_8.39,D,8.57,D,7.94,D,8.87,D,8.66,D,9,D,6.6,D,8.1,D,10.11,D,8.2,D,6.5,D,6.79,D,8.1,D,9.04_9.46,D,9.32_9.72,D,7.4_7.7,D,8.65,D,10.85,D,7.87_9.23,D,8.4,D,7.27,D,7.24,D,6.78,D,8.93,D,8.4,D,8.46,D,6.67,D,7.64,D,6.89,D,7.5,D,8.47,D,10.24,D,6.8,D,8.18_8.58,D,7.12,D,7.5,D,7.54_8,D,8.23,D,7,D,7.56,D,10.12_10.74,D,10.4,D,11.83,D,7.13,D,7.1,D,7,D,7.3,D,9.29,D,8.6_9.19,D,7.65_8.2,D,6.62,D,11.58_12.4,D,8.3,D,7.5,D,9.16,D,7,D,7.9_8.2,D,7.3,D,9.1,D,9.1,D,8.34,D,8.82_9.73,D,7.77_9.13,D,7.32,D,7.3,D,1_11,D,9.3_9.6,D,10.75_11.52,D,10,D,8.1,D,7,D,1_4,D,7.77,D,8.55,D,9.73,D,7.86_8.29,D,6.96_7.28,D,8.25,D,8,D,11.25,D,7.43,D,8.48,D,9.19,D,9.7_10.67,D,6.93,D,8.3,D,8,D,7.23,D,6.66,D,6.82,D,8.51,D,8.59,D,8.75,D,8.7,D,8.69_9.34,D,8.64_10.56,D,7.2,D,6.16,D,7.57,D,8.39,D,7.6,D,8.55,D,6.67,D,8.1_10.65,D,7_7.67,D,8.08,D,8.69,D,7.58_8.28,D,7.4,D,8,D,9.66,D,7_7.37,D,7.3,D,7.2_7.52,D,8.1
D,8.74,D,8.96,D,8.21,D,9.87,D,6.96,D,6.78,D,8.7,D,7.98,D,7.75,D,9.28,D,9.2,D,8.21,DF#,13.09,D,9.52,D,10.98,D,9.8,D,8.14,D,8.6,D,8.55,D,5.96,D,12.53,D,13.76,D,10.19,D,7.67,D,9.82,D,8.42,D,8.04,D,8.36,D,10.61,D,8.5,D,0.75,D,8.83,D,8.17,D,8.65,D,8.31,D,9.1,DG,1_5,D,8.81,D,9.92,D,9.13,D,10.1,D,9.23,D,9,D,8.55,D,7.7,D,9,D,8.14,D,9.75,D,10.06_11,D,10.6,D,9.1,D,8.6,D,8.39,D,8.6,,,D,8.8,D,10.37,D,7.55,D,9.37,D,8.85,D,6.96,D,10.13,D,10.14,D,10,D,10.92,D,9,D,9.56,D,9.32,D,8,D,10,D,9.45,D,9.65,D,8.63,CD,8.76,D,9.28,D,10.83,D,9.16,D,9.32,D,9.66,D,10.75,D,10.77,D,9.34,D,9,D,7.44,D,8.17,D,6.5,D,10.6,BG,29.74,D,11.69,D,8.72,D,8.97,D,8.3,D,9.26,D,9,D,9.38,D,6.89,D,8.44,D,10.53,D,8.55,D,6.84,D,7.13,D,8.5,D,9.86,D,10.4,D,8,D,9,D,11.48,D,9.53,D,8.76,D,7.57,D,7.52,D,7.13,D,9.29,D,8.75,D,8.78,D,7,D,7.95,D,7.18,CD,7.82,D,8.8,D,10.7,D,7.1,D,8.94,D,7.42,D,7.82,D,8.45,D,8.57,D,7.4,D,7.88,D,11.23,D,10.94,D,12.24,D,7.42,DE,7.39,D,7.37,D,7.63,D,9.69,D,9.55,DE,8.57,D,6.92,D,12.85,D,8.7,D,7.8,D,9.55,D,7.3,D,8.57,D,7.62,D,9.44,D,9.4,D,8.68,D,10,D,9.46,D,7.62,D,7.6,D,2,D,10.1,D,12,D,10.46,D,8.4,D,7.33,D,1_3,D,8.13,D,8.88,D,10.19,D,8.6,D,7.6,D,8.61,D,8.36,D,11.89,D,7.74,CD,8.8,D,9.49,D,11.35,D,7.26,D,8.68,D,8.33,D,7.48,D,6.95,D,7.12,D,8.82,D,8.93,D,9.13,D,9.07,D,9.85,D,10.96,D,7.55,D,6.43,D,7.9,D,8.73,D,7.93,D,8.9,D,6.96,D,10.97,D,7.96,D,8.53,D,9,D,8.64,D,7.65,D,8.36,D,10.11,D,7.73,D,7.67,D,7.84,D,8.44
C,9,C,9.3,C,8.5,C,10.5,C,7.25,C,7.07,C,9.04,C,8.31,C,8.13,C,9.94_10.67,C,9.58,C,8.55,CE,13.3,C,10.1,C,11.47,C,10.2,C,8.45,C,8.99,C,8.87,C,6.19,C,13.31,C,14.61_16.34,C,10.51,C,8.07,C,10.09,C,8.78,C,8.57_9.14,C,8.67,C,11.03,C,8.86,C,1_8,C,9.13,C,8.44,C,8.96,C,8.65,C,9.46,D,1_5,C,9.17,C,10.2,C,9.5,C,10.46,C,9.6,C,9.33,C,8.9,C,8,C,9.45,BC,8.46,C,10.13,C,12,C,11,C,9.42,C,9,C,8.73,C,8.93,,,C,9.15,C,10.77,C,8,C,9.73,C,9.18,C,7.2,C,10.6,C,10.6,C,10.4,C,11.3,C,9.76,C,9.92,C,9.7,C,8.32,C,10.44,C,9.8,C,10,C,8.94,B,9.14,C,9.63,C,11.29,C,9.52,C,9.68,C,10,C,11.14,C,11.53,C,9.7,C,9.3,C,7.75,C,8.5,C,6.76,C,11.8_12.7,E,30.7_34,C,12.63,C,9.05,C,9.3,C,8.67,C,9.64,D,9.43,C,9.73,C,7.16,C,8.76,C,10.99,C,8.85,C,7.12,C,7.42,C,8.76,C,10.6,C,10.98,C,8.32,C,9.42,C,11.94,C,9.85,C,9.11,C,7.88,C,7.84,C,7.43,C,9.67,C,9.1,C,9.13,C,7.34,C,8.25,C,7.5,C,8.13,C,9.24,C,11.15,C,7.4,C,9.32,C,7.7,C,8.1,C,8.75,C,8.92,C,7.7,C,8.2,C,11.77,C,11.94,C,12.92_14.8,C,7.69,C,7.66,C,7.74,C,7.92,C,10.1,C,9.89,D,9_9.3,C,7.24,C,13.3,C,9.1,C,8.1,C,10,C,7.64,C,8.89,C,7.93,C,9.83,C,10,C,9,C,10.43,C,9.77,C,7.92,C,7.92,C,1_3,C,10.46,C,12.5,C,10.84,C,8.77,C,7.63,C,1_5,C,8.44,C,9.24,C,10.6,C,8.93,C,7.9,C,9,C,8.7,C,12.42,C,8.05,C,9.1,C,9.8,C,11.91,C,7.6,C,9,C,8.6,C,7.76,C,7.23,C,7.4,C,9.16,C,9.3,C,9.54,C,9.42,C,10.27,C,11.38,C,7.87,C,6.67,C,8.25,C,9.11,C,8.22,C,9.25,C,7.24,C,11.36,C,8.27,C,9,C,9.38,C,8.94,C,7.95,C,8.74,C,10.47,C,8,C,8.06,C,8.18,C,8.77
AE,9.36,AE,9.65,AE,8.83,AE,11.3,AE,7.52,AE,7.33,AE,9.38,AE,8.632,AE,8.49,AE,11.15,AE,9.96,ABE,8.86,E,13.52,AE,10.33,AE,11.93,AE,10.58,AE,8.97,AE,9.4,AE,9.1,AE,6.42,AE,13.8,GF,16.765,AE,10.83,AE,8.44,AE,10.46,AE,9.1,AE,9.42,AE,9,AE,11.43,AE,9.22,AE,,BE,9.44,AE,8.71,AE,9.29,AE,9.04,AE,10.55,AE,,AE,9.5,AE,10.46,AE,9.88,AE,10.85,AE,10,AE,9.7,AE,9.4,AE,8.34,AE,9.8,AE,8.76,AE,10.53,A,12.74,AE,11.45,AE,9.76,AE,9.28,AE,9.1,AE,9.28,,,A,9.64,AE,11.2,AE,8.26,AE,10,AE,9.5,AE,7.57,AE,11,AE,11,AE,10.8,AE,11.68,AE,10,AE,10.3,AE,10,AE,8.64,AE,10.83,AE,10.15,AE,10.37,AE,9.24,GE,9.36,AE,10,AE,11.72,AE,9.9,AE,10,AE,10.38,AE,11.57,AE,11.9,AE,10.1,AE,9.68,AE,8.1,AE,8.83,AE,7,AE,13.16,C,35.4,AE,13.22_13.89,AE,9.34,AE,9.63,AE,8.97,AE,9.99,BE,9.8,AE,10,AE,7.4,AE,9.1,AE,11.4,ABE,9.17,AE,7.43,AE,7.72,AE,9,AE,10.96,AE,11.56,AE,8.5,AE,9.7,AE,12.44,AE,10.17_11.1,AE,9.45,AE,8.19,AE,8.14,AE,7.75,AE,10,AE,9.46,AE,9.48,AE,7.65,AE,8.57,AE,7.78,AE,8.4,AE,9.6,AE,11.6,AE,7.66,AE,9.66,AE,8,AE,8.4,AE,9,AE,9.26,AE,8,AE,8.53,AE,12.25,AE,12.59,AE,15.1,AE,8,AE,7.95,AE,7.94,AE,8.2,AE,10.49,AE,10.2,BE,9.66,AE,7.52,AE,13.74,AE,9.4,AE,8.38,AE,10.37,AE,7.95,AE,9.23,AE,8.28,AE,10.22,BE,10.44,AE,9.35,AE,10.76,AE,10.1,AE,8.22,AE,8.23,AE,,AE,10.78,AE,13,AE,11.27,AE,9.13,AE,7.91,AE,1_3,AE,8.76,AE,9.57,AE,11,AE,9.24,AE,8.19,AE,9.29,AE,9,AE,13,AE,8.35,AE,9.4,AE,10.1,AE,12.45,AE,7.8,AE,9.38,AE,8.93,AE,8.06,AE,7.5,AE,7.67,AE,9.5,AE,9.63,AE,9.93,AE,9.75,AE,10.7,AE,11.76,AE,8.13,AE,6.91,AE,8.58,AE,9.44,AE,8.53,AE,9.58,AE,7.53,AE,11.88,AE,8.57,AE,9.39,AE,9.7,AE,9.28,AE,8.26,AE,9.12,AE,10.84,AE,8.34,AE,8.39,AE,8.45,AE,9.09
CF#,9.65,CF#,10.05,CF#,9.15,CF#,12_13.1,CF#,7.82,CF#,7.6,CF#,9.75,CF#,8.943,CF#,9.26,CF#,11.74,CF#,10.34,CF#,9.52_9.87,DF#,14.4,CF#,11.14,CF#,12.45,CF,10.98,CF#,9.41,CF#,10.05,CF#,9.8,CF#,6.65,CF#,14.95,CG,18.03_18.96,CF#,11.44,CF#,9.28,CF,11.16_11.49,CF#,9.43,CF,9.75,CF,9.33,CF#,12.17,CF#,9.55,CF,3,CF#,9.75,CF#,9.38_9.93,CF#,9.69,CF#,9.49,DF#,11.48,DF#,1_5,CF#,9.85,CF#,10.7,CF#,10.28,CF#,11.24,CF#,10.37,CF#,10,CF#,9.9,CF#,8.65,CF#,10.2,CF,9.53,CF,10.91,CF#,13.47,CF,12.24,CF#,10.13,CF#,9.6,CF#,9.45,CF#,9.65,,,CF,10.2,CF#,11.63,CF#,8.84,CF#,10.46,CF#,9.8,CF#,7.77,CF#,11.53,CF#,11.54,CF#,11.22,CF#,12.84,CF#,10.6,CF#,10.68,CF#,10.42,CF#,9,CF#,11.25,CF#,10.52,CF#,10.73,CF#,9.8,BF,10,CF#,10.34,CF#,12.12,CF#,10.25,CF#,10.42,CF#,10.74,CF#,12,CF#,12.84,CF#,10.5,CF#,10,CF#,8.39,CF#,9.16,CF#,7.27,CF#,14.32,DE,35.84_37.2,CF#,14.54_15.6,CF#,9.63_9.95,CF#,10,CF#,9.36,CF#,10.37_10.76,DF#,10.17,CF#,10.72,CF#,7.71,CF#,9.43,CF#,11.84,CF#,9.5,CF#,7.7,CF#,8,CF#,9.68,CF#,11.76,CF,13,CF#,8.9,CF,10.15,CF#,13,CF#,11.4_13.53,CF#,9.8,CF#,8.5,CF#,8.42,CF#,8,CF#,10.4,CF#,9.78,CF#,9.83,CF#,7.95,CF#,8.88,C,8,CF#,8.73,CF#,10.07,CF#,12.04,CF#,7.98,CF#,10,CF#,8.32,CF#,8.97,CF#,9.17_10.5,CF#,9.63,CF#,8.35,CF#,8.84,CF#,12.72,CF#,13.38,CF#,15.42,CF#,8.3,CF,8.27,CF#,8.24,CF#,8.5,CF#,10.96,CF,10.5,DF,11.53,CF#,7.82,CF#,14.57,CF#,9.88,CF#,8.96,CF#,10.74,CF#,8.26,CF#,9.6,CF#,8.62,CF#,10.62,CF#,11.3,CF#,9.72,CF#,11.11,CF#,10.84_11,CF#,8.5,CF#,8.5,CF#,1_1.5,CF#,11.1,CF#,14.22,CF,11.71,CF#,9.5,CF#,8.2,CF,1_3,CF#,9.14,CF#,9.92,CF#,11.86,CF#,9.54_11.15,CF,8.44,CF#,9.63,CF#,9.4,CF#,13.7,CF#,8.67,CF#,9.72,CF#,10.4,CF#,13_13.64,CF#,8.6,CF#,9.76,CF#,9.21,CF#,8.36,CF#,7.88,CF#,7.95,CF#,9.86,CF#,9.99,CF#,10.33,CF#,10.13,CF#,11.36,CF#,12.58,CF,8.43,CF#,7.16,CF#,8.9,CF#,9.8,CF#,8.84,CF#,9.95,CF#,7.84,CF#,12.83_13.19,CF,8.88,CF#,9.85,CF#,10.1,CF#,9.6,CF#,8.57,CF#,9.65_10.24,CF#,11.29,CF,8.65,CF#,8.74,CF,8.76,CF#,9.42
G,9.98,G,10.4,G,9.49,G,13.6,G,8.1,G,7.88,G,10.06,G,9.29,G,9.7,G,12.14,G,10.7,G,10.19,G,14.7,G,11.45,G,12.93,G,11.36,G,9.73,G,10.5,G,10.13,G,6.99,GF,15.4,D,19.66,G,11.75,G,9.56,G,11.89,G,9.8,G,10.02,G,9.63,G,12.56,G,9.87,G,,G,10.04,G,10.23,G,10,G,9.89,G,11.8,G,,G,10.21,G,11,G,10.65,G,11.64,G,10.73,G,10.38,G,10.36,G,8.95,G,10.54,G,9.88,G,11.32,G,14,G,12.62,G,10.47,G,9.94,G,9.79,G,10,,,G,10.65,G,12.07,G,9,G,10.8,G,10.15,G,8.1,G,12,G,12,G,11.65,G,13.22,G,11.11,G,11.05,G,10.8,G,9.33,G,11.64,G,10.88,G,11.15,G,10.15,G,10.34,G,10.7,G,12.58,G,10.6,G,10.76,G,11.16,G,12.38,G,13.3,G,10.9,G,10.39,G,8.56,G,9.49,G,7.54,G,14.68,DE,37.67,G,15.96,G,10.25,G,10.34,G,9.64,G,11.1,G,10.56,G,11,G,7.97,G,9.76,G,12.3,G,9.84,G,8,G,8.3,G,10,G,12.3,G,13.6,G,9.2,G,10.56,G,13.5,G,13.85,G,10.14,G,8.78,G,8.77,G,8.3,G,10.75,G,10.14,G,10.17,G,8.3,G,9.22,G,8.34,G,9,G,10.43,G,12.49,G,8.27,GF,10.4,G,8.6,G,9.32,G,10.82,G,9.97,G,8.66,G,9.17,G,13.2,GF,13.92,G,15.74,G,8.6,G,8.54,G,8.55,G,8.8,G,11.38,G,10.87,AG,11.92,G,8.1,G,15,G,10.21,G,9.32,G,11.14,G,8.58,G,9.94,G,8.97,GF,11,G,11.69,G,10,G,11.46,GF,11.36,G,8.8,G,8.8,G,,G,11.42,G,14.66,G,12.16,G,9.8,G,8.49,G,2,G,9.55,G,10.27,G,12.31,G,11.47,G,8.79,G,10,G,9.75,G,14.26,G,9,G,10,G,10.72,G,14.12,G,8.97,G,10.11,G,9.5,G,8.66,G,8.12,G,8.25,G,10.19,G,10.33,G,10.77,G,10.51,G,11.99,G,12.95,G,8.77,G,7.4,G,9.24,G,10.14,G,9.16,G,10.28,G,8.14,G,13.57,G,9.16,G,10.28,G,10.44,G,9.94,G,8.87,GB,10.56,G,11.6,G,8.96,G,9.05,G,9,G,9.75
B,10.3,B,10.8,B,9.79,B,14.15,B,8.38,B,8.16,B,10.41,B,9.625,B,10.17,B,12.54,B,11.02,B,10.5,B,15.1,B,11.79,B,13.4,B,11.75,B,10.18,B,10.92,B,10.44,B,7.3,B,15.86,B,20.14,B,12.08,B,9.85,B,12.27,B,10.19,B,10.32,B,9.95,B,12.97,B,10.22,B,,B,10.36,B,10.65,B,10.34,B,10.2,B,12.15,B,,B,10.59,B,11.27,B,11,B,12,B,11.15,B,10.73,B,10.8,B,9.27,B,10.9,B,10.2,B,11.73,B,14.89,B,13.03,B,10.81,B,10.27,B,10.14,B,10.36,,,B,11.1,B,12.51,B,9.38,B,11.16,B,10.5,B,8.4,B,12.44,B,12.45,B,12,B,13.6,B,11.38,B,11.46,B,11.16,B,9.7,B,12.1,B,11.23,B,11.55,B,10.51,B,10.64,B,11,B,13,B,10.98,B,11.1,B,11.54,B,12.81,B,13.65,B,11.33,B,10.78,B,9.44,B,9.835,B,7.78,B,15.05,DE,38.12,B,16.32,B,10.57,B,10.68,B,10,B,11.5,B,10.94,B,11.43,B,8.24,B,10.17,B,12.7,B,10.18,B,8.33,B,8.63,B,10.3,B,12.6,B,14.15,B,9.6,B,10.93,B,13.97,B,14.15,B,10.53,B,9.1,B,9.1,B,8.56,B,11.14,B,10.53,B,10.52,B,8.56,B,9.53,B,8.63,B,9.33,B,10.77,B,12.96,B,8.57,B,10.75,B,8.9,B,9.59,B,11.13,B,10.36,B,8.98,B,9.47,B,13.78,B,14.34,B,16,B,8.89,B,8.84,B,8.86,B,9.1,B,11.79,B,11.26,C,12.3,B,8.39,B,15.47,B,10.54,B,9.6,B,11.55,B,8.88,B,10.27,B,9.28,B,11.43,B,12,B,10.4,B,11.8,B,11.68,B,9.1,B,9.1,B,,B,11.74,B,15.12,B,12.6,B,10.16,B,8.76,B,2,B,10,B,10.63,B,12.74,B,11.79,B,9.1,B,10.31,B,10.14,B,14.8,B,9.33,G,10.1,B,11,B,14.6,B,9.28,B,10.5,B,9.8,B,8.97,B,8.4,B,8.55,B,10.64,B,10.72,B,11.16,B,10.9,B,12.43,B,13.34,B,8.99,B,7.66,B,9.57,B,10.5,B,9.46,B,10.64,B,8.43,B,13.94,B,9.46,B,10.69,B,10.81,B,10.25,B,9.15,GB,10.88,B,11.95,B,9.26,B,9.39,B,9.37,B,10.1
G,10.63,G,11.15,G,10.06,G,14.5,G,8.72,G,8.45,G,10.77,G,9.94,G,11.17,G,13.38,G,11.34,G,10.84,G,15.82,G,12.54,G,13.89,G,12.16,G,10.78,G,11.96,G,10.82,G,7.54,G,16.67,G,20.96_24.22,G,12.69,G,10.45,G,13.06,G,10.58,G,10.93,G,10.29,G,13.74,G,10.58,G,1_7,G,10.68,G,11.19,G,10.94,G,10.49,G,12.77,G,1_8.5,G,10.98,G,11.8,G,11.68,G,12.39,G,11.58,G,11.1,G,11.3,G,9.56,G,11.29,G,10.51,G,12.13,G,15.6,G,14.04,G,11.16,G,10.6,G,10.48,G,10.67,,,G,11.56,G,12.96,G,9.86,G,11.5,G,10.8,G,8.57,G,12.9,G,12.9,G,12.44,G,14.36,G,12.61,G,11.87,G,11.51,G,10,G,12.47,G,11.6,G,11.93,G,11.23,G,11.48,G,11.38,G,13.5,G,11.34,G,11.43,G,11.93,G,13.22,G,14.4,G,11.67,G,11.13,G,9.93,G,10.14,G,8,G,15.43,DE,38.6,G,17.32,G,10.89,G,11.01,G,10.33,G,11.9,G,11.32,G,11.8,G,8.5,G,10.4,G,13.26,G,10.52,G,8.64,G,8.9,G,10.64,G,13.27,G,14.87,G,9.9,G,11.27,G,14.5,G,15.17,G,10.87,G,9.38,G,9.37,G,8.9,G,11.48,G,10.87,G,10.86,G,8.86,G,9.89,G,8.9,G,9.63,G,11.14,G,13.38,N,8.86,G,11.48,G,9.2,G,10.1,G,11.53,G,10.72,G,9.29,G,9.76,G,14.92,G,15.1,G,16.47,G,9.16,G,9.14,G,9.14,G,9.4,G,12.24,G,11.75,A,12.7,G,8.68,G,15.96,G,10.93,G,10.05,G,11.95,G,9.2,G,10.76,G,9.58,G,11.83,G,12.46,G,10.76,G,12.47,G,12.3,G,9.4,G,9.42,G,1_5,G,12.26_12.4,G,15.87,G,13,G,10.49,G,9,G,1_3,G,10.32,G,11,G,13.29,G,12.12,G,9.76,G,10.63,G,10.5,G,15.34,G,9.68,G,10.3,G,11.33,G,15.28,G,9.6,G,10.87,G,10.1,G,9.26,G,8.7,G,8.83,G,10.89,G,11.14,G,11.52,G,11.3,G,13.54,G,13.96,G,9.54,G,7.92,G,9.88,G,10.86,G,9.77,G,11,G,8.74,G,14.66,G,10,G,11.11,G,11.18,G,10.55,G,9.48,GB,11.22,G,12.34,G,9.85,G,9.68,G,9.92,G,10.4
N,10.94,N,11.5,N,10.38,N,15.65,N,9.06,N,8.7,N,11.1,N,10.26,N,11.52,N,13.77,N,11.66,N,11.21,N,16.86,N,12.91,N,14.49,N,12.55,N,11.13_11.97,N,12.32,N,11.17,N,7.77,N,19.2,N,24.61,N,14.23,N,12.42,N,13.9,N,10.96,N,12.12,N,10.64,N,14.94,N,10.95,N,,N,10.96,N,12,N,11.29,N,10.79,N,14.98,N,,N,11.5,N,12.57,N,12.35,N,12.75,N,11.99,N,11.44,N,11.7,N,9.85,N,11.67,N,10.84,N,12.52,N,15.92,N,14.68,N,11.56,N,10.93,N,10.84,N,11,,,N,12,N,13.37,N,10.11,N,11.8,N,11.15,B,9.2,N,13.3,N,13.3,N,12.83,N,15.06,N,13.17,N,12.23,N,11.86,N,10.34,N,12.89,N,12,N,12.3,N,11.58,N,11.76,N,11.7,N,13.88,N,11.7,N,11.77,N,12.3,N,13.62,N,14.76,N,12,N,11.47,N,10.22,N,10.46,N,8.31,N,19.31,N,39,N,18.32,N,11.2,N,11.37,N,10.71,N,12.24,N,11.68,N,12.15,N,8.8,N,10.73,N,13.73,N,10.83,N,8.94,N,9.17,N,10.98,N,14.32,N,15.2,N,10.2,N,11.6,N,14.95,N,16.16,N,11.22,N,9.67,N,9.53,N,11,N,11.83,N,11.21,N,11.2,N,9.13,N,10.23,N,9.13,N,9.94,N,11.5,N,13.8,N,9.14,N,14.4,N,9.5,N,10.35,N,12.25,N,11,N,9.6,N,10.65,N,16.85,N,15.87,N,19.52,N,9.44,N,9.45,N,9.44,N,9.7,N,12.67,N,12.32,N,15,N,9,N,16.34,N,11.26,N,10.37,N,12.37,N,9.5,N,11.25,N,9.88,N,13,N,12.86,N,11.1,N,13.4,N,13.45,N,9.73,N,9.7,N,,N,12.99,N,16.8,N,13.5,N,10.81,N,9.3,N,,N,10.67,N,11.35,N,14.24,N,12.5,N,10.44,N,10.96,N,10.85,N,17.2,N,10,N,10.62,N,11.61,N,16.92,N,9.94,N,11.28,N,10.38,N,9.55,N,9,N,9.1,N,11.22,N,11.55,N,11.85,N,11.7,N,15.28,N,17,N,10.38,N,8.16,N,10.2,N,11.22,N,10.1,N,11.36,N,9.07,N,16.9,N,10.62,N,11.47,N,11.59,N,10.85,N,9.8,N,11.54,N,12.7,N,10.26,N,9.98,N,10.47,N,10.75
G,11.26,G,11.83,G,10.68,G,16.02,G,9.33,G,8.99,G,11.43,G,10.55,G,11.86,G,14.13,G,12,G,11.47,G,17.12,G,13.22,G,14.95,G,12.93,G,12.3,G,12.65,G,11.54,G,7.99,G,19.65,G,25.14,G,14.56,G,12.67,G,14.24,G,11.3,G,12.5,G,11,G,15.3,G,11.25,G,1_3.75,G,11.24,G,12.27,G,11.6,G,11.1,G,15.27,G,1.5,G,11.84,G,12.82,G,12.7,G,13.13,G,12.38,G,11.76,G,12.06,G,10.15,G,12,G,11.15,G,12.89,G,16.32,G,15,G,11.91,G,11.27,G,11.2,G,11.3,,,G,12.44,G,13.8,G,10.37,G,12.15,G,11.5,G,9.5,G,13.77,G,13.75,G,13.24,G,15.41,G,13.55,G,12.59,G,12.24,G,10.66,G,13.26,G,12.32,G,12.69,G,11.9,G,12,G,12,G,14.33,G,12,G,12.15,G,12.7,G,14,G,15.13,G,12.42,G,11.84,G,10.49,G,10.8,G,8.56,G,19.61,G,39.6,GF,18.69,G,11.49,G,11.72,G,11,G,12.58,G,12.05,G,12.5,G,9,G,11,G,14.1,G,11.15,G,9.24,G,9.46,G,11.3,G,14.7,G,15.59,G,10.56,G,11.95,FG,15.45,G,16.48,GF,11.57,G,9.99,G,9.82,G,11.25,G,12.2,G,11.57,G,11.56,G,9.41,G,10.53,G,9.36,G,10.23,G,11.87,G,14.2,G,9.43,G,14.73,G,9.8,G,10.64,G,12.57,G,11.37,G,9.89,G,10.94,G,17.3,G,16.28,G,19.82,G,9.7,G,9.74,G,9.7,G,10.1,G,13,G,12.64,G,15.15,G,9.28,G,16.93,G,11.6,G,10.66,G,12.73,G,9.77,G,11.677,G,10.17,G,13.44,G,13.25,G,11.4,G,13.75,G,13.8,G,10.1,G,10.1,G,,G,13.27,G,17.25,G,13.9,G,11.14,G,9.6,G,,G,11,G,11.72,G,14.66,G,12.84,G,10.75,G,11.3,G,11.18,G,17.7,G,10.33,G,10.93,G,11.9,G,17.37,G,10.2,G,11.7,G,10.66,G,9.88,G,9.27,G,9.33,G,11.54,G,11.9,G,12.2,G,12.05,G,15.63,G,17.36,G,10.65,G,8.44,G,10.54,G,11.56,G,10.42,G,11.7,G,9.3,G,17.27,G,10.9,G,11.82,G,11.96,G,11.17,G,10.1,G,11.9,G,13.06,G,10.59,G,10.27,G,10.76,G,11.09
D,11.56,D,12.17,D,10.97,D,16.37,D,9.6,D,9.25,D,11.77,D,10.86,D,12.18,D,14.49,D,12.36,D,11.79,D,17.32,D,13.53,D,15.24,D,13.32,D,12.61,D,12.99,D,11.86,D,8.2,D,20.05,D,25.46_26.69,D,14.88,D,12.96,D,14.59,D,11.63,D,12.775,D,11.29,D,15.67,D,11.57,D,1.25,D,11.53,D,12.56,D,11.92,D,11.43,D,15.58,D,1_2,D,12.2,D,13.1,D,13.05,D,13.5,D,12.75,D,12.1,D,12.41,D,10.46,D,12.38,D,11.48,D,13.28,D,16.68,D,15.37,D,12.27,D,11.58,D,11.55,D,11.66,,,D,12.78,D,14.2,D,10.66,D,12.5,D,11.8,D,9.76,D,14.15,D,14.14,D,13.64,D,15.8,D,13.8,D,12.94,D,12.61,D,11,D,13.64,D,12.69,D,13,D,12.22,D,12.34,D,12.4,D,14.73,D,12.4,D,12.5,D,13,D,14.39,D,15.5,D,12.77,D,12.16,D,10.79,D,11.12,D,8.81,D,19.92,D,40.1,D,19,D,11.82,D,12.04,D,11.36,D,12.9,D,12.4,D,12.84,D,9.3,D,11.35,D,14.55,D,11.5,D,9.54,D,9.75,D,11.64,D,15.13,D,15.94,D,10.85,D,12.3,D,15.93,D,16.8,D,11.9,D,10.28,D,10.1,D,11.5,D,12.58,D,11.92,D,11.92,D,9.67,D,10.86,D,9.67,D,10.51,D,12.2,D,14.64,D,9.73,D,15,D,10,D,10.96,D,12.88,D,11.69,D,10.2,D,11.2,D,17.7,D,16.67,D,20.1,D,9.99,D,10,D,10,D,10.32,D,13.4,D,12.96,D,15.54,D,9.56,D,17.4,D,11.9,D,10.97,D,13.1,D,10,D,11.9,D,10.49,D,13.8,D,13.6,D,11.76,D,14,D,14.12,D,10.32,D,10.33,D,,D,13.56,D,17.65,D,14.3,D,11.45,D,9.87,D,,D,11.33,D,12,D,15,D,13.19,D,11,D,11.63,D,11.5,D,18.14,D,10.63,D,11.24,D,12.21,D,17.76,D,10.5,D,12,D,10.95,D,10.17,D,9.554,D,9.58,D,11.85,D,12.25,D,12.53,D,12.37,D,15.97,D,17.73,D,10.933,D,8.68,D,10.88,D,11.92,D,10.7,D,12,D,9.59,D,17.62,D,11.2,D,12.15,D,12.32,D,11.46,D,10.37,D,12.22,D,13.39,D,10.88,D,10.57,D,11,D,11.43
BG,11.89,BG,12.52,BG,11.26,BG,16.67,BG,9.89,BG,9.53,BG,12.12,BG,11.2,BG,12.47,BG,14.82,BG,12.7,BG,12.1,BG,17.73,BG,13.86,BG,15.67,BG,13.69,BG,12.92,BG,13.28,BG,12.18,BG,8.43,BG,20.435,BG,27.13,BG,15.2,BG,13.22,BG,14.94,BG,11.93,BG,13.06,BG,11.65,BG,16.08,BG,11.89,BG,,BG,11.79,BG,12.84,BG,12.25,BG,11.75,BG,15.89,BG,1_1,BG,12.54,BG,13.35,BG,13.38,BG,13.9,BG,13.11,BG,12.44,BG,12.77,BG,10.77,BG,12.74,BG,11.8,BG,13.65,BG,17.05,BG,15.71,BG,12.62,BG,11.92,BG,11.87,BG,12,,,BG,13.2,BG,14.6,BG,10.9,BG,12.85,BG,12.15,BG,10,BG,14.53,BG,14.54,BG,14,BG,16.15,BG,14,BG,13.3,BG,12.98,BG,11.3,BG,14,BG,13,BG,13.4,BG,12.54,BG,12.62,BG,12.76,BG,15.16,BG,12.76,BG,12.87,BG,13.4,BG,14.8,BG,15.87,BG,13.1,BG,12.49,BG,11,BG,11.45,BG,9.1,BG,20.2,BG,40.55,BF,19.33,BG,12.1,BG,12.4,BG,11.67,BG,13.27,BG,12.76,BG,13.17,BG,9.55,BG,11.69,BG,14.92,BG,11.8,BG,9.8,BG,10,BG,11.95,BG,15.5,BG,16.29,BG,11.16,BG,12.66,BF,16.4,BG,17.1,BG,12.23,BG,10.55,BG,10.39,BG,11.75,BG,12.93,BG,12.25,BG,12.24,BG,9.95,BG,11.17,BG,10,BG,10.814,BG,12.54,BG,15,BG,9.99,BG,15.34,BG,10.39,BG,11.26,BG,13.18,BG,12,BG,10.49,BG,11.48,BG,18.1,BG,17.1,BG,20.4,BG,10.27,BG,10.3,BG,10.3,BG,10.6,BG,13.8,BG,13.27,BG,15.74,BG,9.85,BG,17.85,BG,12.23,BG,11.26,BG,13.47,BG,10.32,BG,12.28,BG,10.78,BG,14.14,BG,14,BG,12.1,BG,14.4,BG,14.4,BG,10.6,BG,10.62,BG,,BG,13.84,BG,18,BG,14.7,BG,11.79,BG,10.16,BG,1_1,BG,11.64,BG,12.4,BG,15.4,BG,13.48,BG,11.34,BG,11.96,BG,11.86,BG,18.59,BG,10.95,BG,11.56,BG,12.5,BG,18.2,BG,10.78,BG,12.35,BG,11.23,BG,10.43,BG,9.82,BG,9.84,BG,12.17,BG,12.57,BG,12.95,BG,12.73,BG,16.32,BG,18,BG,11.22,BG,8.9,BG,11.23,BG,12.26,BG,10.99,BG,12.4,BG,9.87,BG,17.96,BG,11.48,BG,12.49,BG,12.66,BG,11.77,BG,10.67,BG,12.5,BG,13.82,BG,11.18,BG,10.88,BG,11.34,BG,11.74
DG,12.18,DG,12.84,DG,11.6,DG,17.07,DG,10.15,DG,9.8,DG,12.46,DG,11.53,DG,12.79,DG,15.17,DG,13.07,DG,12.41,DG,17.96,DG,14.19,DG,16.11,DG,14.05,DG,13.23,DG,13.59,DG,12.51,DG,8.67,DG,20.83,DG,27.55,DG,15.51,DG,13.48,DG,15.28,DG,12.26,DG,13.26,DG,12,DG,16.46,DG,12.22,DG,1_4,DG,12.09,DG,13.12,DG,12.55,DG,12.17,DG,16.21,DG,1_3,DG,12.92,DG,13.62,DG,13.72,DG,14.27,DG,13.5,DG,12.79,DG,13.11,DG,11.07,DG,13.1,DG,12.13,DG,14.03,DG,17.4,DG,16,DG,13,DG,12.25,DG,12.23,DG,12.34,,,DG,13.5,DG,15,DG,11.2,DG,13.2,DG,12.45,DG,10.3,DG,14.9,DG,14.94,DG,14.44,DG,16.5,DG,14.6,DG,13.66,DG,13.36,DG,11.6,DG,14.42,DG,13.4,DG,13.77,DG,12.84,DG,12.93,DG,13.1,DG,15.59,DG,13.11,DG,13.21,DG,13.8,DG,15.22,DG,16.24,DG,13.48,DG,12.82,DG,11.33,DG,11.76,DG,9.33,DG,20.52,DG,41,DF,19.68,DG,12.44,DG,12.73,DG,11.99,DG,13.6,DG,13.11,DG,13.54,DG,9.8,DG,12,DG,15.4,DG,12.11,DG,10.05,DG,10.3,DG,12.24,DG,15.87,DG,16.67,DG,11.46,DG,12.95,DF,16.83,DG,17.4,DG,12.56,DG,10.85,DG,10.64,DG,12,DG,13.29,DG,12.57,DG,12.6,DG,10.2,DG,11.48,DG,10.28,DG,11.13,DG,12.88,DG,15.46,DG,10.26,DG,15.64,DG,10.7,DG,11.57,DG,13.49,DG,12.33,DG,10.787,DG,11.76,DG,18.5,DG,17.52,DG,20.7,DG,10.56,DG,10.6,DG,10.59,DG,10.92,DG,14.17,DG,13.59,DG,15.92,DG,10.13,DG,18.28,DG,12.57,DG,11.58,DG,13.84,DG,10.6,DG,12.57,DG,11,DG,14.51,DG,14.3,DG,12.47,DG,14.74,DG,14.7,DG,10.92,DG,10.92,DG,1_1,DG,14.13,DG,18.5,DG,15.1,DG,12.12,DG,10.45,DG,,DG,11.96,DG,12.74,DG,15.8,DG,13.8,DG,11.61,DG,12.27,DG,12.15,DG,19.07,DG,11.27,DG,11.87,DG,12.8,DG,18.63,DG,11.06,DG,12.69,DG,11.52,DG,10.7,DG,10.1,DG,10.1,DG,12.53,DG,12.92,DG,13.29,DG,13.05,DG,16.69,DG,18.43,DG,11.5,DG,9.14,DG,11.53,DG,12.58,DG,11.28,DG,12.7,DG,10.14,DG,18.3,DG,11.78,DG,12.8,DG,12.98,DG,12.07,DG,10.97,DG,12.85,DG,14.05,DG,11.46,DG,11.17,DG,11.66,DG,12.08
BG,12.51,BG,13.2,BG,11.91,BG,17.4,BG,10.44,BG,10.07,BG,12.77,BG,11.83,BG,13.1,BG,15.52,BG,13.42,BG,12.7,BG,18.16,BG,14.49,BG,16.49,BG,14.42,BG,13.5,BG,13.93,BG,12.82,BG,8.91,BG,21.26,BG,27.94,BG,15.83,BG,13.73,BG,15.63,BG,12.59,BG,13.53,BG,12.31,BG,16.83,BG,12.51,G,,BG,12.37,BG,13.38,BG,12.85,BG,12.42,BG,16.53,BG,1_1,BG,13.27,BG,13.86,BG,14.05,BG,14.7,BG,13.85,BG,13.11,BG,13.44,BG,11.35,BG,13.45,BG,12.46,BG,14.38,BG,17.75,BG,16.4,BG,13.37,BG,12.57,BG,12.57,BG,12.65,,,BG,13.85,BG,15.45,BG,11.45,BG,13.56,BG,12.8,BG,10.58,BG,15.33,BG,15.33,BG,14.85,BG,16.88,BG,14.86,BG,14,BG,13.71,BG,11.92,BG,14.8,BG,13.75,BG,14.16,BG,13.17,BG,13.23,BG,13.43,BG,16,BG,13.46,BG,13.54,BG,14.15,BG,15.6,BG,16.6,BG,13.85,BG,13.14,BG,11.6,BG,12,BG,9.6,BG,20.79,BG,41.44,AG,19.99,CG,12.75,BG,13,BG,12.3,BG,13.97,BG,13.49,BG,13.9,BG,10.11,BG,12.33,BG,15.73,BG,12.45,BG,10.3,BG,10.59,BG,12.53,BG,16.24,BG,17.04,BG,11.76,BG,13.3,AG,17.33,BG,17.7,BG,12.9,BG,11.15,BG,10.93,BG,12.3,BG,13.65,BG,12.9,BG,12.93,BG,10.49,BG,11.77,BG,10.45,BG,11.4,BG,13.24,BG,15.86,BG,10.5,BG,15.94,BG,10.99,BG,11.88,BG,13.8,BG,12.66,BG,11.1,BG,12.1,BG,18.9,BG,17.92,BG,20.97,BG,10.87,BG,10.9,BG,10.88,BG,11.2,BG,14.57,BG,13.96,BG,16.3,BG,10.42,BG,18.7,BG,12.87,BG,11.88,BG,14.2,BG,10.88,BG,12.9,BG,11.36,BG,14.87,BG,14.65,BG,12.82,BG,15.14,BG,15,BG,11.2,BG,11.23,BG,,BG,14.39,BG,18.9,BG,15.48,BG,12.45,BG,10.73,BG,,BG,12.28,BG,13,BG,16.2,BG,14.1,BG,11.9,BG,12.58,BG,12.49,BG,19.5,BG,11.56,BG,12.15,BG,13.13,BG,19,BG,11.34,BG,13,BG,11.8,BG,11,BG,10.37,BG,10.35,BG,12.86,BG,13.26,BG,13.63,BG,13.42,BG,17,BG,18.74,BG,11.78,BG,9.38,BG,11.85,BG,12.94,BG,11.6,BG,13,BG,10.43,BG,18.63,BG,12.05,BG,13.15,BG,13.3,BG,12.38,BG,11.26,BG,13.14,BG,14.39,BG,11.73,BG,11.48,BG,11.94,BG,12.41
DG,12.81,DG,13.56,DG,12.24,DG,17.79,DG,10.7,DG,10.32,DG,13.12,DG,12.15,DG,13.42,DG,15.88,DG,13.78,DG,13,D,18.55,DG,14.82,DG,16.9,DG,14.8,DG,13.78,DG,14.2,DG,13.16,DG,9.12,DG,21.65,DG,28.36,DG,16.15,DG,14,DG,16,DG,12.95,DG,13.82,DG,12.62,DG,17.23,DG,12.84,D,,DG,12.66,DG,13.66,DG,13.19,DG,12.76,DG,16.85,DG,,DG,13.62,DG,14.1,DG,14.4,DG,15,DG,14.22,DG,13.49,DG,13.78,DG,11.66,DG,13.83,DG,12.8,DG,14.77,DG,18.11,DG,16.76,DG,13.7,DG,12.9,DG,12.9,DG,13,,,DG,14.2,DG,15.84,DG,11.73,DG,13.93,DG,13.12,DG,10.85,DG,15.71,DG,15.7,DG,15.21,DG,17.27,DG,15.1,DG,14.38,DG,14,DG,12.26,DG,15.22,DG,14.11,DG,14.55,DG,13.49,DG,13.52,DG,13.79,DG,16.43,DG,13.8,DG,13.9,DG,14.5,DG,16,DG,17,DG,14.25,DG,13.48,DG,11.9,DG,12.4,DG,9.83,DG,21.06,DG,41.92,DF,20.31,DG,13.04,DG,13.42,DG,12.62,DG,14.3,DG,13.81,DG,14.26,DG,10.37,DG,12.64,DG,16.13,DG,12.76,DG,10.6,DG,10.87,DG,12.85,DG,16.6,DG,17.4,DG,12,DG,13.66,DF,17.76,DG,18,DG,13.25,DG,11.44,DG,11.24,DG,12.53,DG,14,DG,13.25,DG,13.3,DG,10.78,DG,12,DG,10.73,DG,11.7,DG,13.57,DG,16.27,DG,10.83,DG,16.25,DG,11.3,DG,12.2,DG,14.1,DG,12.98,DG,11.35,DG,12.36,DG,19.32,DG,18.32,DG,21.33,DG,11.17,DG,11.2,DG,11.17,DG,11.5,DG,14.96,DG,14.27,DG,16.5,DG,10.69,DG,19.13,DG,13.23,DG,12.18,DG,14.6,DG,11.15,DG,13.24,DG,11.66,DG,15.25,DG,15,DG,13.16,DG,15.52,DG,15.33,DG,11.5,DG,11.5,DG,,DG,14.7,DG,19.3,DG,15.9,DG,12.8,DG,11,DG,1_1,DG,12.6,DG,13.4,DG,16.58,DG,14.4,DG,12.19,DG,12.89,DG,12.82,DG,19.97,DG,11.86,DG,12.47,DG,13.42,DG,19.46,DG,11.64,DG,13.38,DG,12.1,DG,11.3,DG,10.63,DG,10.6,DG,13.2,DG,13.58,DG,13.96,DG,13.76,DG,17.37,DG,19.1,DG,12,DG,9.61,DG,12.17,DG,13.28,DG,11.89,DG,13.38,DG,10.7,DG,18.99,DG,12.36,DG,13.47,DG,13.66,DG,12.67,DG,11.54,DG,13.45,DG,14.73,DG,12.03,DG,11.74,DG,12.23,DG,12.73
BG,13.14,BG,13.89,BG,12.55,BG,18.11,BG,10.99,BG,10.61,BG,13.44,BG,12.46,BG,13.73,BG,16.21,BG,14.15,BG,13.32,BG,18.75,BG,15.13,BG,17.31,BG,15.2,BG,14.1,BG,14.5,BG,13.48,BG,9.32,BG,22.09,BG,28.75,BG,16.47,BG,14.27,BG,16.35,BG,13.29,BG,14.1,BG,12.95,BG,17.65,BG,13.16,BG,1_2,BG,12.94,BG,13.95,BG,13.52,BG,13.04,BG,17.18,BG,,BG,13.95,BG,14.38,BG,14.79,BG,15.45,BG,14.57,BG,13.83,BG,14.14,BG,11.97,BG,14.2,BG,13.15,BG,15.15,BG,18.47,BG,17.11,BG,14.06,BG,13.24,BG,13.24,BG,13.3,,,BG,14.5,BG,16.25,BG,12,BG,14.27,BG,13.5,BG,11.13,BG,16.11,BG,16.1,BG,15.62,BG,17.64,BG,15.36,BG,14.77,BG,14.46,BG,12.56,BG,15.58,BG,14.48,BG,14.9,BG,13.81,BG,13.82,BG,14.14,BG,16.85,BG,14.14,BG,14.26,BG,14.93,BG,16.4,BG,17.37,BG,14.65,BG,13.83,BG,12.17,BG,12.7,BG,10.1,BG,21.35,G,42.3,BF,20.63,BG,13.36,BG,13.7,BG,12.96,BG,14.64,BG,14.2,BG,14.62,BG,10.6,BG,13,BG,16.55,BG,13.08,BG,10.83,BG,11.17,BG,13.16,BG,17,BG,17.8,BG,12.33,BG,14,BF,18.24,BG,18.3,BG,13.56,BG,11.73,BG,11.53,BG,12.8,BG,14.37,BG,13.55,BG,13.6,BG,11,BG,12.37,BG,11,BG,12,BG,13.92,BG,16.7,BG,11.1,BG,16.53,BG,11.6,BG,12.5,BG,14.4,BG,13.3,BG,11.66,BG,12.66,BG,19.85,BG,18.7,BG,21.6,BG,11.47,BG,11.47,BG,11.48,BG,11.8,BG,15.31,BG,14.62,BG,16.88,BG,10.95,BG,19.55,BG,13.57,BG,12.52,BG,14.95,BG,11.4,BG,13.58,BG,11.96,BG,15.63,BG,15.38,BG,13.5,BG,15.9,BG,15.72,BG,11.8,BG,11.82,BG,,BG,14.97,BG,19.67,BG,16.3,BG,13.14,BG,11.3,BG,,BG,12.91,BG,13.76,BG,16.98,BG,14.7,BG,12.47,BG,13.26,BG,13.16,BG,20.42,BG,12.17,BG,12.78,BG,13.74,BG,19.87,BG,11.94,BG,13.7,BG,12.37,BG,11.58,BG,10.91,BG,10.85,BG,13.54,BG,13.95,BG,14.3,BG,14.1,BG,17.72,BG,19.44,BG,12.34,BG,9.86,BG,12.52,BG,13.6,BG,12.2,BG,13.73,BG,10.99,BG,19.32,BG,12.65,BG,13.82,BG,14,BG,12.96,BG,11.83,BG,13.78,BG,15.06,BG,12.32,BG,12,BG,12.53,BG,13.06
D,13.45,D,14.21,D,12.86,D,18.47,D,11.26,D,10.87,D,13.77,D,12.77,D,14.05,D,16.57,D,14.5,D,13.6,D,19.11,D,15.79,D,17.75,D,15.57,D,14.42,D,14.85,D,13.78,D,9.54,D,22.46,D,29.22,D,16.84,D,14.55,D,16.71,D,13.62,D,14.37,D,13.25,D,18.56,D,13.48,D,1_2,D,13.23,D,14.22,D,13.87,D,13.62,D,17.48,D,1_1.5,D,14.3,D,14.62,D,15.16,D,15.8,D,14.94,D,14.19,D,14.48,D,12.28,D,14.55,D,13.44,D,15.52,D,18.81,D,17.87,D,14.47,D,13.57,D,13.6,D,13.65,,,D,14.85,D,16.68,D,12.47,D,14.62,D,13.8,D,11.4,D,16.5,D,16.5,D,16,D,18.45,D,15.83,D,15.15,D,14.82,D,12.93,D,16,D,14.83,D,15.3,D,14.14,D,14.12,D,14.48,D,17.3,D,14.5,D,14.6,D,15.3,D,16.8,D,17.77,D,15,D,14.17,D,12.47,D,13,D,10.37,D,21.63,G,42.75_47.14,D,21.38,D,13.69,D,14,D,13.3,D,15,D,14.56,D,15,D,10.9,D,13.28,D,17,D,13.4,D,11.1,D,11.44,D,13.48,D,17.36,D,18.14,D,12.62,D,14.34,D,18.7,D,18.6,D,13.89,D,12,D,11.81,D,13.1,D,14.76,D,13.89,D,13.94,D,11.29,D,12.7,D,11.29,D,12.35,D,14.28,D,17.14,D,11.39,D,16.9_17.35,D,11.9,D,12.83,D,14.72,D,13.62,D,11.96,D,12.96,D,20.46,D,19.05,D,22,D,11.78,D,11.78,D,11.77,D,12.13,D,15.71,D,15.34,DG,17.45,D,11.22,D,19.97,D,13.9,D,12.85,D,15.32,D,11.72,D,13.92,D,12.26,D,16,D,15.74,D,13.83,D,16.3,D,16,D,12.12,D,12.12,D,1_3,D,15.28,D,20,D,16.7,D,13.46,D,11.57,D,1_2,D,13.25,D,14.1,D,17.36,D,15,D,12.77,D,13.58,D,13.48,D,20.86,D,12.46,D,13.06,D,14.05,D,20.27,D,12.22,D,14,D,12.67,D,11.87,D,11.18,D,11.1,D,13.9,D,14.27,D,14.65,D,14.46,D,18.1,D,19.78,D,12.63,D,10.13,D,12.88,D,13.97,D,12.5,D,14.08,D,11.24,D,19.69,D,12.94,D,14.12,D,14.4,D,13.28,D,12.12,D,14.14,D,15.4,D,12.6,D,12.34,D,12.84,D,13.41
DG,13.77,DG,14.57,DG,13.18,DG,18.84,DG,11.54,DG,11.15,DG,14.11,DG,13.05,DG,14.35,DG,16.94,DG,14.88,DG,13.89,DG,19.29,DG,16.1,DG,18.17,DG,15.93,DG,14.7,DG,15.14,DG,14.11,DG,9.75,DG,22.88,DG,29.64,DG,17.13,DG,14.81,DG,17.07,DG,13.96,DG,14.67,DG,13.58,DG,18.94,DG,13.78,DG,,DG,13.53,DG,14.48,DG,14.22,DG,13.91,DG,17.79,DG,1.5,DG,14.62,DG,14.9,DG,15.51,DG,16.2,DG,15.3,DG,14.58,DG,14.83,DG,12.58,DG,14.92,DG,13.78,DG,15.89,DG,19.17,DG,18.2,DG,14.82,DG,13.9,DG,13.94,DG,14,,,DG,15.2,DG,17,DG,12.75,DG,15,DG,14.16,DG,11.66,DG,16.92,DG,16.9,DG,16.43,DG,18.8,DG,16.23,DG,15.52,DG,15.2,DG,13.24,DG,16.4,DG,15.3,DG,15.7,DG,14.46,DG,14.44,DG,14.82,DG,17.73,DG,14.8,DG,14.95,DG,15.7,DG,17.17,DG,18.1,DG,15.36,DG,14.5,DG,12.76,DG,13.37,DG,10.64,DG,21.93,DG,47.59,DG,21.73,DG,14.1,DG,14.35,DG,13.74,DG,15.38,DG,14.93,DG,15.34,DG,11.2,DG,13.7,DG,17.37,DG,13.73,DG,11.35,DG,11.72,DG,13.79,DG,17.72,DG,18.5,DG,12.92,DG,14.7,DG,19.2,DG,18.92,DG,14.236,DG,12.32,DG,12.1,DG,13.3,DG,15.1,DG,14.22,DG,14.28,DG,11.58,DG,12.99,DG,11.55,DG,12.75,DG,14.6,DG,17.54,DG,11.65,DG,17.68,DG,12.17,DG,13.16,DG,15,DG,13.93,DG,12.24,DG,13.25,DG,20.96,DG,19.44,DG,22.37,DG,12.1,DG,12.1,DG,12,DG,12.43,DG,16.1,DG,15.66,DG,17.75,DG,11.48,DG,20.4,DG,14.22,DG,13.17,DG,15.71,DG,11.99,DG,14.25,DG,12.55,DG,16.39,DG,16.15,DG,14.27,DG,16.64,DG,16.34,DG,12.42,DG,12.43,DG,0.5,DG,15.55,DG,20.5,DG,17.1,DG,13.8,DG,11.86,DG,,DG,13.56,DG,14.44,DG,17.77,DG,15.37,DG,13,DG,13.9,DG,13.83,DG,21.3,DG,12.78,DG,13.4,DG,14.42,DG,20.66,DG,12.5,DG,14.4,DG,12.95,DG,12.16,DG,11.45,DG,11.34,DG,14.24,DG,14.6,DG,15,DG,14.8,DG,18.47,DG,20.12,DG,12.9,DG,10.38,DG,13.22,DG,14.29,DG,12.78,DG,14.44,DG,11.52,DG,20,DG,13.27,DG,14.46,DG,14.74,DG,13.58,DG,12.4,DG,14.45,DG,15.75,DG,12.92,DG,12.65,DG,13.13,DG,13.78
D,14.1,D,14.9,D,13.49,D,19.15,D,11.81,D,11.4,D,14.45,D,13.37,D,14.65,D,17.285,D,15.24,D,14.17,D,19.47,D,16.4,D,18.59,D,16.32,D,14.99,D,15.42,D,14.42,D,9.96,D,23.27,D,30.03,D,17.44,D,15.1,D,17.43,D,14.3,D,14.95,D,13.88,D,19.32,D,14.11,D,,D,13.8,D,14.78,D,14.53,D,14.3,D,18.07,D,,D,14.96,D,15.15,D,15.87,D,16.55,D,15.67,D,14.92,D,15.14,D,12.88,D,15.3,D,14.1,D,16.27,D,19.49,D,18.54,D,15.16,D,14.22,D,14.25,D,14.3,,,D,15.46,D,17.44,D,13,D,15.3,D,14.48,D,11.9,D,17.3,D,17.3,D,16.83,D,19.21,D,16.51,D,15.86,D,15.56,D,13.55,D,16.8,D,15.56,D,16,D,14.77,D,14.7,D,15.174,D,18.16,D,15.22,D,15.28,D,16,D,17.57,D,18.46,D,15.73,D,14.85,D,13,D,13.67,D,10.9,D,22.2,D,48,D,22,D,14.32,D,14.69,D,13.99,D,15.73,D,15.27,D,15.7,D,11.45,D,13.9,D,17.76,D,14.1,D,11.6,D,12,D,14.13,D,18.14,D,18.85,D,13.22,D,15,D,19.67,D,19.2,D,14.56,D,12.59,D,12.38,D,13.6,D,15.46,D,14.57,D,14.63,D,11.85,D,13.32,D,11.85,D,12.96,D,14.96,D,17.94,D,11.93,D,17.98,D,12.47,D,13.48,D,15.33,D,14.28,D,12.52,D,13.52,D,21.38,D,19.82,D,22.67,D,12.35,D,12.37,D,12.33,D,12.71,D,16.4,D,15.99,D,18,D,11.75,D,20.79,D,14.55,D,13.47,D,16.11,D,12.24,D,14.56,D,12.84,D,16.76,D,16.47,D,14.5,D,17,D,16.57,D,12.72,D,12.72,D,,D,15.83,D,20.89,D,17.48,D,14.12,D,12.14,D,1_1,D,13.87,D,14.78,D,18.13,D,15.68,D,13.32,D,14.247,D,14.15,D,21.73,D,13.1,D,13.65,D,14.64,D,21,D,12.82,D,14.74,D,13.2,D,12.46,D,11.7,D,11.6,D,14.58,D,14.92,D,15.34,D,15.14,D,18.79,D,20.47,D,13.19,D,10.6,D,13.54,D,14.65,D,13.1,D,14.79,D,11.79,D,20.38,D,13.5,D,14.77,D,15.1,D,13.85,D,12.7,D,14.78,D,16.07,D,13.2,D,12.92,D,13.42,D,14.13
BD,14.4,BD,15.25,BD,13.79,BD,19.5,BD,12.07,BD,11.68,BD,14.78,BD,13.69,BD,14.94,BD,17.6,BD,15.6,BD,14.48,BD,19.66,BD,16.75,BD,19,BD,16.68,BD,15.3,BD,15.71,BD,14.73,BD,10.15,BD,23.66,BD,30.4,BD,17.76,BD,15.38,BD,17.79,BD,14.6,BD,15.21,BD,14.17,BD,19.7,BD,14.43,BD,,BD,14.09,BD,15.05,BD,14.85,BD,14.6,BD,18.37,BD,,BD,15.29,BD,15.42,BD,16.21,BD,17,BD,16,BD,15.23,BD,15.48,BD,13.2,BD,15.66,BD,14.38,BD,16.65,BD,19.86,BD,18.87,BD,15.52,BD,14.54,BD,14.59,BD,14.6,,,BD,15.8,BD,17.8,BD,13.26,BD,15.66,BD,14.8,BD,12.18,BD,17.66,BD,17.7,BD,17.23,BD,19.57,BD,16.78,BD,16.22,BD,15.9,BD,13.85,BD,17.18,BD,15.92,BD,16.4,BD,15.1,BD,15,BD,15.5,BD,18.59,BD,15.58,BD,15.62,BD,16.4,BD,18,BD,18.8,BD,16.1,BD,15.2,BD,13.32,BD,13.99,BD,11.17,BD,22.5,D,48.44,BD,22.36,BD,14.64,BD,15,BD,14.28,BD,16,BD,15.63,BD,16,BD,11.72,BD,14.25,BD,18.17,BD,14.4,BD,11.88,BD,12.3,BD,14.45,BD,18.49,BD,19.16,BD,13.5,BD,15.4,BD,20.11,BD,19.5,BD,14.88,BD,12.88,BD,12.67,BD,13.85,BD,15.82,BD,14.9,BD,14.95,BD,12.12,BD,13.6,BD,12.12,BD,13.25,BD,15.3,BD,18.46,BD,12.2,BD,18.27,BD,12.74,BD,13.77,BD,15.63,BD,14.56,BD,12.8,BD,13.84,BD,21.8,BD,20.23,BD,22.98,BD,12.63,BD,12.65,BD,12.61,BD,13,BD,16.8,BD,16.3,BD,18.22,BD,12,BD,21.22,BD,14.9,BD,13.77,BD,16.47,BD,12.53,BD,14.89,BD,13.12,BD,17.13,BD,16.82,BD,14.84,BD,17.35,BD,16.88,BD,13,BD,13,BD,,BD,16.1,BD,21.26,BD,17.87,BD,14.46,BD,12.43,BD,,BD,14.21,BD,15.11,BD,18.5,BD,15.98,BD,13.61,BD,14.54,BD,14.49,BD,22.17,BD,13.4,BD,13.96,BD,14.92,BD,21.46,BD,13,BD,15,BD,13.5,BD,12.7,BD,12,BD,11.83,BD,14.94,BD,15.27,BD,15.7,BD,15.47,BD,19.15,BD,20.8,BD,13.46,BD,10.85,BD,13.88,BD,14.97,BD,13.4,BD,15.11,BD,12.06,BD,20.72,BD,13.8,BD,15.1,BD,15.44,BD,14.17,BD,12.98,BD,15.1,BD,16.42,BD,13.48,BD,13.21,BD,13.7,BD,14.45
D,14.7,D,15.56,D,14.11,D,19.85,D,12.34,D,11.95,D,15.1,D,13.98,D,15.26,D,17.95,D,15.99,D,14.78,D,20.04,D,17.06,D,19.44,D,17.06,D,15.6,D,16,D,15.06,D,10.37,D,24.46,D,30.83_33.55,D,18.08,D,15.66,D,18.12,D,14.93,D,15.49,D,14.46,D,20.1,D,14.76,D,1_4,D,14.36,D,15.33,D,15.17,D,14.92,D,18.71,D,1_1,D,15.64,D,15.69,D,16.53,D,17.33,D,16.4,D,15.59,D,15.82,D,13.48,D,16,D,14.7,D,17.02,D,20.2,D,19.23,D,15.85,D,14.86,D,14.94,D,14.94,,,D,16.1,D,18.2,D,13.53,D,16,D,15.14,D,12.43,D,18,D,18.1,D,17.65,D,19.9,D,17.26,D,16.6,D,16.3,D,14.16,D,17.55,D,16.28,D,16.78,D,15.4,D,15.29,D,15.85,D,19,D,15.93,D,15.963,D,16.8,D,18.39,D,19.2_19.67,D,16.47,D,15.55,D,13.62,D,14.3,D,11.38,D,22.8,D,49.13,D,22.7,D,14.96,D,15.32,D,14.62,D,16.46,D,15.97,D,16.44,D,11.98,D,14.57,D,18.56,D,14.7,D,12.14,D,12.56,D,14.75,D,18.87,D,19.57,D,13.82,D,15.75,D,20.58,D,19.8,D,15.2,D,13.18,D,12.93,D,14.1,D,16.18,D,15.21,D,15.3,D,12.36,D,13.93,D,12.4,D,13.55,D,15.66,D,18.79,D,12.47,D,18.59,D,13,D,14,D,15.92,D,14.9,D,13.07,D,14.14,D,22.2,D,20.64,D,23.28,D,12.94,D,12.93,D,12.89,D,13.27,D,17.2,D,16.66,D,18.6,D,12.3,D,21.61,D,15.2,D,14.1,D,16.84,D,12.8,D,15.2,D,13.42,D,17.53,D,17.17,D,15.2,D,17.7,D,17.2,D,13.3,D,13.3,D,1_3,D,16.4,D,21.65,D,18.24,D,14.8,D,12.7,D,,D,14.53,D,15.45,D,18.89,D,16.28,D,13.89,D,14.89,D,14.8,D,22.64,D,13.69,D,14.23,D,15.24,D,21.87,D,13.39,D,15.43,D,13.8,D,13,D,12.24,D,12.1,D,15.3,D,15.6,D,16.05,D,15.83,D,19.53,D,21.16,D,13.75,D,11.1,D,14.2,D,15.3,D,13.68,D,15.45,D,12.34,D,21.07,D,14,D,15.42,D,15.77,D,14.47,D,13.29,D,15.4,D,16.74,D,13.77,D,13.5,D,14,D,14.78
G,15.02,G,15.88,G,14.44,G,20.2,G,12.63,G,12.2,G,15.4,G,14.3,G,15.55,G,18.3,G,16.36,G,15.08,G,20.23,G,17.38,G,19.85,G,17.45,G,15.89,G,16.31,G,15.36,G,10.58,G,24.87,DG,34.02,G,18.4,G,15.94,G,18.45,G,15.26,G,15.76,G,14.8,G,20.49,G,15.07,G,,G,14.63,G,15.59,G,15.48,G,15.24,G,18.99,G,1_2.5,G,15.98,G,15.97,G,16.88,G,17.71,G,16.75,G,15.92,G,16.13,G,13.78,GF,16.38,G,15.02,G,17.38,G,20.54,G,19.54,G,16.24,G,15.19,G,15.25,G,15.26,,,G,16.4,G,18.63,G,13.8,G,16.36,G,15.46,G,12.7,G,18.44,G,18.4,G,18,GF,20.3,G,17.5,G,16.96,G,16.63,G,14.47,G,17.96,G,16.63,G,17.17,G,15.73,G,15.58,G,16.2,G,19.43,G,16.27,G,16.27,G,17.2,G,18.76,G,20.1,G,16.82,G,15.9,G,13.9,G,14.6,G,11.65,G,23.1,G,49.6,G,23,G,15.28,G,15.65,G,14.97,G,16.8,G,16.32,G,16.77,G,12.25,G,14.9,G,18.98,G,15,G,12.4,G,12.85,G,15.06,G,19.27,G,19.91,G,14.1,G,16.1,G,21,G,20.1,G,15.5,G,13.47,G,13.21,G,14.35,G,16.55,G,15.53,G,15.63,G,12.65,G,14.22,G,12.65,G,13.86,G,15.98,G,19.2,G,12.74,G,18.89,G,13.3,G,14.4,GF,16.22,G,15.24,G,13.36,G,14.43,G,22.6,G,21,G,23.57,G,13.22,G,13.25,G,13.17,G,13.59,G,17.6,G,16.96,G,18.8,G,12.57,G,22,G,15.52,G,14.4,G,17.2,G,13.1,G,15.54,G,13.72,G,17.85,G,17.53,G,15.51,G,18,G,17.5,G,13.6,G,13.6,G,,G,16.7,G,22,G,18.62,G,15.14,G,12.98,G,,G,14.84,G,15.8,G,19.29,G,16.5,G,14.18,G,15.2,G,15.13,G,23.08,G,13.98,G,14.58,G,15.54,G,22.25,G,13.66,G,15.76,G,14.05,G,13.27,G,12.53,G,12.37,G,15.63,G,16,G,16.37,G,16.16,G,19.9,G,21.5,G,14,G,11.33,G,14.51,G,15.64,G,14,G,15.78,G,12.63,G,21.38,G,14.34,G,15.74,G,16.11,G,14.78,G,13.59,G,15.72,G,17.06,G,14.05,G,13.79,G,14.3,G,15.08
D,15.34,D,16.23,D,14.76,D,20.54,D,12.9,D,12.5,D,15.76,D,14.61,D,15.85,D,18.65,D,16.72,D,15.4,D,20.53,D,17.7,D,20.29,D,17.8,D,16.19,D,16.61,D,15.67,D,10.78,D,25.25,D,34.46,D,18.71,D,16.2,D,18.79,D,15.6,D,16.05,D,15.13,D,20.9,D,15.41,D,,D,14.92,D,15.88,D,15.8,D,15.56,D,19.32,D,1.5,D,16.3,D,16.23,D,17.22,D,18.1,D,17.11,D,16.28,D,16.47,D,14.06,D,16.74,D,15.36,D,17.76,D,20.88,D,19.9,D,16.62,D,15.52,D,15.59,D,15.56,,,D,16.7,D,19,D,14,D,16.7,D,15.8,D,13,D,18.8,D,18.8,D,18.46,D,20.68,D,17.77,D,17.33,D,17,D,14.8,D,18.37,D,17,D,17.5,D,16,D,15.89,D,16.56,D,19.85,D,16.64,D,16.62,D,17.53,D,19.18,D,20.48,D,17.2,D,16.25,D,14.24,D,14.93,D,11.9,D,23.35,D,49.99,D,23.39,D,15.59,D,16,D,15.29,D,17.17,D,16.7,D,17.1,D,12.52,D,15.2,D,19.34,D,15.37,D,12.67,D,13.15,D,15.37,D,19.6,D,20.32,D,14.38,D,16.45,D,21.5,D,20.4,D,15.85,D,13.75,D,13.51,D,14.6,D,16.9,D,15.86,D,15.98,D,12.93,D,14.54,D,12.8,D,14.16,D,16.34,D,19.6,D,13,D,19.2,D,13.6,D,14.7,D,16.49,D,15.54,D,13.64,D,14.74,D,23,D,21.4,D,23.88,D,13.5,D,13.53,D,13.46,D,13.89,D,18,D,17.25,D,19,D,12.86,D,22.46,D,15.87,D,14.7,D,17.59,D,13.34,D,15.87,D,14,D,18.26,D,17.88,D,15.86,D,18.43,D,17.8,D,13.89,D,13.88,D,,D,17,D,22.41,D,19,D,15.49,D,13.28,D,1_1,D,15.17,D,16.12,D,19.69,D,16.87,D,14.47,D,15.52,D,15.46,D,23.52,D,14.28,D,14.9,D,15.83,D,22.63,D,13.95,D,16.1,D,14.36,D,13.6,D,12.82,D,12.62,D,15.97,D,16.29,D,16.72,D,16.5,D,20.22,D,21.86,D,14.3,D,11.58,D,14.84,D,15.97,D,14.3,D,16.11,D,12.9,D,21.72,D,14.65,D,16.1,D,16.47,D,15,D,13.9,D,16,D,17.4,D,14.35,D,14.1,D,14.59,D,15.45
BD,15.67,BD,16.56,BD,15.08,BD,20.89,BD,13.19,BD,12.75,BD,16.07,BD,14.92,BD,16.15,BD,19,BD,17.1,BD,15.7,BD,20.8,BD,18.02,BD,20.68,BD,18.18,BD,16.5,BD,16.9,BD,15.98,BD,10.98,BD,25.67,BD,34.88,BD,19.08,BD,16.47,BD,19.14,BD,15.94,BD,16.35,BD,15.44,BD,21.28,BD,15.73,BD,,BD,15.21,BD,16.16,BD,16.15,BD,15.85,BD,19.61,BD,,BD,16.65,BD,16.5,BD,17.578,BD,18.47,BD,17.48,BD,16.62,BD,16.78,BD,14.4,BD,17.1,BD,15.7,BD,18.11,BD,21.23,BD,20.2,BD,16.96,BD,15.86,BD,15.93,BD,15.9,,,BD,17,BD,19.44,BD,14.36,BD,17,BD,16.14,BD,13.24,BD,19.21,BD,19.2,BD,18.86,BD,21,BD,18,BD,17.71,BD,17.36,BD,15.12,BD,18.8,BD,17.35,BD,17.93,BD,16.38,BD,16.22,BD,16.89,BD,20.28,BD,16.99,BD,16.96,BD,17.94,BD,19.6,BD,20.8,BD,17.6,B,16.61,BD,14.54,BD,15.26,BD,12.16,BD,23.67,D,50.39,BD,23.77,BD,15.91,BD,16.32,BD,15.6,BD,17.5,BD,17.05,BD,17.5,BD,12.79,BD,15.53,BD,19.75,BD,15.7,BD,12.95,BD,13.42,BD,15.66,BD,20_20.88,BD,20.67,BD,14.68,BD,16.79,BD,22,BD,20.72,BD,16.17,BD,14,BD,13.8,BD,14.84,BD,17.29,BD,16.17,BD,16.3,BD,13.2,BD,14.84,BD,13.22,BD,14.54,BD,16.67,BD,20.05,BD,13.3,BCD,19.49,BD,13.88,BD,14.98,BD,16.89,BD,15.88,BD,14,BD,15,BD,23.49,BD,21.8,BD,24.22,BD,13.82,BD,13.82,BD,13.75,BD,14.19,BD,18.37,BD,17.62,BD,19.4,BD,13.12,BD,22.9,BD,16.2,BD,15,BD,17.96,BD,13.64,BD,16.22,BD,14.3,BD,18.62,BD,18.25,BD,16.2,BD,18.9,BD,18.13,BD,14.19,BD,14.18,BD,,BD,17.27,BD,22.83,BD,19.45,BD,15.82,BD,13.57,BD,,BD,15.49,BD,16.48,BD,20.1,BD,17.19,BD,14.74,BD,15.93,BD,15.8,BD,23.98,BD,14.63,BD,15.19,BD,16.14,BD,23,BD,14.21,BD,16.45,BD,14.62,BD,13.84,BD,13.1,BD,12.85,BD,16.34,BD,16.65,BD,17,BD,16.88,BD,20.59,BD,22.19,BD,14.58,BD,11.83,BD,15.17,BD,16.29,BD,14.6,BD,16.46,BD,13.18,BD,22,BD,14.92,BD,16.4,BD,16.8,BD,15.38,BD,14.181,BD,16.34,BD,17.74,BD,14.64,BD,14.38,BD,14.87,BD,15.76
D,16,D,16.88,D,15.4,D,21.25,D,13.49,D,13.03,D,16.4,D,15.242,D,16.46,D,19.35,D,17.47,D,16.03,D,21.43,D,18.64,D,21.08,D,18.56,D,16.82,D,17.23,D,16.28,D,11.18,D,26.07,D,35.32,D,19.4,D,16.8_17.61,D,19.52,D,16.26,D,16.65,D,15.78,D,21.68,D,16.07,D,1_16,D,15.51,D,16.44,D,16.49,D,16.17,D,20.17,D,1_2.5,D,17,D,16.75,D,17.94,D,18.86,D,17.83,D,16.98,D,17.11,D,14.7,D,17.47,D,16.1,D,18.5,D,21.57,D,20.8_21.1,D,17.29,D,16.18,D,16.28,D,16.24,,,D,17.4,D,19.85,D,14.76,D,17.38,D,16.46,D,13.5,D,19.64,D,19.6,D,19.25,D,21.87,D,18.6,D,18.1,D,17.73,D,15.44,D,19.2,D,17.7,D,18.32,D,16.69,D,16.54,D,17.26,D,20.68,D,17.34,D,17.28,D,18.3,D,20,D,21.4_21.75,D,17.98,D,16.94,D,14.88,D,15.55,D,12.4,D,23.98,D,50.8_53,D,24.47,D,16.27,D,16.63,D,15.96,D,17.86,D,17.43,D,17.83,D,13,D,15.84,D,20.17,D,16,D,13.2,D,13.72,D,16,D,21.3,D,21,D,15,D,17.15,D,22.4,D,21,D,16.49,D,14.36,D,14.1,D,15.11,D,17.63,D,16.49,D,16.62,D,13.44,D,15.15,D,13.85,D,14.75,D,17,D,20.46,D,13.56,D,20.1,D,14.17,D,15.34,D,17.26,D,16.18,D,14.48,D,15.43,D,23.89,D,22.18,BD,24.54,D,14.11,D,14.1,D,14,D,14.48,D,18.75,D,18.32,D,20.17,D,13.4,D,23.33,D,16.5,D,15.38,D,18.34,D,13.94,D,16.53,D,14.6,D,19,D,18.6,D,16.55,D,19.55,D,18.44,D,14.5,D,14.48,D,1_1,D,17.55,D,23.24,D,19.82,D,16.14,D,13.85,D,1_3,D,15.83,D,16.84,D,20.46,D,17.63,D,15,D,16.17,D,16.14,D,24.37,D,14.95,D,15.5,D,16.46,D,23.4,D,14.5,D,16.8,D,14.91,D,14.17,D,13.33,D,13.1,D,16.7,D,16.99,D,17.39,D,17.24,D,20.93,D,22.81,D,14.86,D,12.1,D,15.51,D,16.64,D,14.94,D,16.81,D,13.43,D,22.38_23.08,D,15.22,D,16.73,D,17.16,D,15.7,D,14.48,D,16.67,D,18.1,D,14.95,D,14.66,D,15.18,D,16.05
BG,16.29,BG,17.21,BG,15.71,BG,21.59,BG,13.75,BG,13.29,BG,16.76,BG,15.55,BG,16.74,BG,19.7,BG,17.84,BG,16.33,BG,21.66,BG,18.96,BG,21.48,BG,18.92,BG,17.1,BG,17.5,BG,16.61,BG,11.38,BG,26.48,BGF,35.78,BG,19.73,BG,17.9,BG,19.88,BG,16.6,BG,16.91,BG,16.06,BG,22.09,BG,16.4,BG,,BG,15.77,BG,16.71,BG,16.82,BG,16.47,BG,20.44,BG,,BG,17.34,BG,17,BG,18.26,BG,19.25,BG,18.17,BG,17.33,BG,17.47,BG,14.98,BG,17.9,BG,16.33,BG,18.85,BG,21.91,BG,21.49,BG,17.64,BG,16.522,BG,16.6,BG,16.56,,,BG,17.7,BG,20.26,BG,15,BG,17.7,BG,16.8,BG,13.74,BG,20,BG,20,BG,19.7,BG,22.24,BG,19,BG,18.44,BG,18.1,BG,15.75,BG,19.57,BG,18,BG,18.71,BG,17,BG,16.87,BG,17.57,BG,21.1,BG,17.69,BG,17.64,BG,18.7,BG,20.36,BG,22.1,ABG,18.34,BG,17.3,BG,15.2,BG,15.88,BG,12.68,BG,24.27,BG,53.75,BG,24.82,BG,16.6,BG,17,BG,16.28,BG,18.2,BG,17.8,BG,18.2,BG,13.35,BG,16.16,BG,20.55,BG,16.32,BG,13.48,BG,13.97,BG,16.3,BG,21.68,BG,21.4,BG,15.29,BG,17.5,BG,22.9,BG,21.34,BG,16.82,BG,14.66,BG,14.37,BG,15.35,BG,17.98,BG,16.8,BG,16.97,BG,13.72,BG,15.45,BG,14.11,BG,15.13,BG,17.36,BG,20.89,BG,13.82,BG,20.4,BG,14.45,BG,15.6,BG,17.54,BG,16.5,BG,14.75,BG,15.67,BG,24.35,BG,22.56,BG,24.86,BG,14.4,BG,14.4,BG,14.34,BG,14.78,BG,19.14,BG,18.66,BG,20.38,BG,13.67,BG,23.77,BG,16.84,BG,15.59,BG,18.74,BG,14.2,BG,16.88,BG,14.89,BG,19.36,BG,18.97,BG,16.97,BG,19.95,BG,18.75,BG,14.78,BG,14.78,BG,,BG,17.85,BG,23.64,BG,20.23,BG,16.5,BG,14.12,BG,,BG,16.18,BG,17.18,BG,20.85,BG,18,BG,15.34,BG,16.5,BG,16.44,BG,24.83,BG,15.27,BG,15.78,BG,16.76,BG,23.8,BG,14.77,BG,17.16,BG,15.18,BG,14.48,BG,13.61,BG,13.34,BG,17,BG,17.32,BG,17.73,BG,17.59,BG,21.38,BG,23.2,BG,15.15,BG,12.34,BG,15.92,BG,16.97,BG,15.2,BG,17.15,BG,13.71,BG,23.43,BG,15.5,BG,17,BG,17.48,BG,16,BG,14.77,BG,16.99,BG,18.4,BG,15.26,BG,14.94,BG,15.47,BG,16.4
D,16.6,D,17.54,D,16.02,D,21.96,D,14.03,D,13.55,D,17.07,D,15.84,D,17.05,D,20.02,D,18.23,D,16.64,D,21.87,D,19.54,D,21.88,D,19.31,D,17.39,D,17.8,D,16.9,D,11.57,D,26.87,W,35.78,D,20.06,D,18.16_19,D,20.23,D,16.92,D,17.21,D,16.36,D,22.46,D,16.7,D,,D,16.08,D,16.98,D,17.14,D,16.75,D,20.74,D,1.5,D,17.67,D,17.26,D,18.6,D,19.6,D,18.52,D,17.69,D,17.78,D,15.29,D,18.23,D,16.64,D,19.26,D,22.27,D,21.78,D,18.04,D,16.84,D,16.95,D,16.88,,,D,18_18.4,D,20.64,D,15.48,D,18,D,17.14,D,14,D,20.42,D,20.4,D,20,D,22.65,D,19.4,D,18.81,D,18.47,D,16,D,19.9,D,18.39,D,19,D,17.33,D,17.4,D,17.96,D,21.53,D,18,D,17.97,D,19,D,20.77,D,22.42,DG,18.75,D,17.6,D,15.5,D,16.2,D,12.94,D,24.57,D,54_55.14,D,25.1,D,16.9,D,17.3,D,16.61,D,18.53,D,18.15,D,18.55,D,13.61,D,16.49,D,21,D,16.65,D,13.73,D,14.26,D,16.6,D,22,D,21.76,D,15.57,D,17.86,D,23.35,D,21.66,D,17.13,D,14.94,D,14.67,D,15.6,D,18.32,D,17.13,D,17.28,D,14,D,15.73,D,14.4,D,15.36,D,17.7,D,21.29,D,14.1,D,20.73,D,14.77,D,15.9,D,17.82,D,16.83,D,15,D,15.98,D,24.8,D,23,D,25.17,D,14.7,D,14.68,D,14.63,D,15.1,D,19.55,D,19,D,20.58,D,13.93,D,24.16,D,17.17,D,15.89,D,19.12,D,14.48,D,17.19,D,15.2,D,19.74,D,19.3,D,17.23,D,20.32,D,19,D,15.1,D,15.1,D,,D,18.12,D,24,D,20.6,D,16.83,D,14.4,D,1_1,D,16.5,D,17.52,D,21.22,D,18.23,D,15.63,D,16.82,D,16.8,D,25.26,D,15.57,D,16.07,D,17.05,D,24.19,D,15,D,17.46,D,15.48,D,14.78,D,13.87,D,13.59,D,17.37,D,17.65,D,18,D,17.96,D,21.62,D,23.49,D,15.43,D,12.58,D,16.15,D,17.29,D,15.5,D,17.5,D,13.98,D,23.79,D,15.77,D,17.36,D,17.84,D,16.29,D,15.1,D,17.32,D,18.76,D,15.53,D,15.22,D,15.75,D,16.72
B,16.92,B,17.88,B,16.34,B,22.3,B,14.3,B,13.8,B,17.38,B,16.17,B,17.35,B,20.38,B,18.61,B,16.94,B,22.26,B,19.86,B,22.32,B,19.68,B,17.68,B,18.1,B,17.2,B,11.76,B,27.27,W,35.78,B,20.37,B,19.28,B,20.63,B,17.24,B,17.47,B,16.67,B,22.82,B,17.05,B,,B,16.36,B,17.25,B,17.45,B,17.06,B,21,B,1_3,B,18,B,17.5,B,18.97,B,20,B,18.87,B,18,B,18.13,B,15.6,B,18.58,B,16.93,B,19.61,B,22.6,B,22.16,B,18.38,B,17.16,B,17.27,B,17.2,,,BC,18.75,B,21,B,15.75,B,18.4,B,17.44,B,14.28,B,20.78,B,20.8,B,20.47,B,23,B,19.66,B,19.18,B,18.8,B,16.37,B,20.34,B,18.73,B,19.4,B,17.64,B,17.7,B,18.28,B,22,B,18.43,B,18.3,B,19.42,B,21.18,B,22.78,B,19.1,B,17.97,BC,15.84,B,16.53,B,13.2,B,24.86,B,55.57,B,25.47,B,17.23_17.82,B,17.63,B,16.91,B,18.86,B,18.5,B,18.89,B,13.87,B,16.82,B,21.35,B,16.95,B,14,B,14.57,B,16.9,B,22.4,B,22.11,B,15.87,B,18.22,B,23.76,B,21.95,B,17.44,B,15.24,B,14.97,B,15.84,B,18.68,B,17.45,B,17.62,B,14.26,B,16.06,B,14.65,B,15.65,B,18,B,21.68,B,14.38,B,21,B,15,B,16.21,B,18,B,17.14,B,15.72,B,16.26,B,25.23,B,23.44,B,25.5,B,14.96,B,14.96,B,14.9,B,15.37,B,19.93,B,19.323,B,20.96,B,14.22,B,24.61,B,17.5,B,16.2,B,19.5,B,14.76,B,17.52,B,15.5,B,20.1,B,19.65,B,17.56,B,20.7,B,19.4,B,15.35,B,15.35,B,,B,18.43,B,24.8,B,21,B,17.17,B,14.7,B,,B,16.82,B,17.85,B,21.6,B,18.6,B,15.91,B,17.15,B,17.11,B,25.69,B,15.89,B,16.39,B,17.35,B,24.6,B,15.36,B,17.8,B,15.78,B,15.1,B,14.14,B,13.83,B,17.74,B,18,B,18.36,B,18.3,B,21.97,B,24,B,15.71,B,12.84,B,16.49,B,17.62,B,15.84,B,17.82,B,14.27,B,24.18,B,16.05,B,17.67,B,18.16,B,16.6,B,15.37,B,17.62,B,19.06,B,15.83,B,15.51,B,16.06,B,17
CD,17.25,CD,18.19,CD,16.65,CD,22.67_23.41,CD,14.55,CD,14.1,CD,17.72,CD,16.49,CD,17.66,CD,20.73,CD,18.98,CD,17.24,C,24.52,CD,20.45_21.02,CD,22.73,CD,20.07,CD,17.975,CD,18.4,CD,17.5,CD,11.97,CD,27.69,W,35.78,CD,20.72,CD,19.55,CD,20.94,CD,17.56,CD,17.75,CD,16.99,CD,23.52,CD,17.39,CD,1_3,CD,16.66,CD,17.52,CD,17.78,CD,17.39,CD,21.3,C#D,1_3.5,CD,18.32,CD,17.77,CD,19.3,CD,20.35,CD,19.24,CD,18.38,CD,18.49,CD,15.93,CD,18.95,CD,17.26,CD,19.96,CD,22.95,CD,22.62,CD,18.73,CD,17.51,CD,17.6,CD,17.5,,,DE,19.14,CD,21.46,CD,16.28,CD,18.75,CD,17.78,CD,14.57,CD,21.2,CD,21.2,CD,20.85,CD,23.4,CD,20.14_20.6,CD,19.5,CD,19.17,CD,16.7,CD,20.75,CD,19,CD,19.78,CD,17.96,CD,18,CD,18.62,CD,22.36,CD,18.76,CD,18.62,CD,19.77,CD,21.6,CD,23.15,CD,19.49,CD,18.3,D,16.5_16.8,CD,16.85,CD,13.45,CD,25.14,C,56_56.47,CD,25.8,CG,18.46_21.22,CD,17.95,CD,17.25,CD,19.23,CD,18.87,CD,19.25,CD,14.16,CD,17.13,CD,21.77,C,17.29,CD,14.27,CD,14.88,CD,17.27,CD,22.77,CD,22.47,CD,16.16,CD,18.56,CD,24.2,CD,22.25,CD,17.77,CD,15.51,CD,15.26,CD,16.1,CD,19,CD,17.76,CD,17.95,CD,14.55,CD,16.34,CD,14.92,CD,15.95,CD,18.4,CD,22.1,CD,14.66,BD,21.6_24.65,CD,15.33,CD,16.49,C#D,18.4_18.69,CD,17.47,CD,16.12,CD,16.56,CD,25.66,CD,24.16,CD,25.8,CD,15.28,CD,15.26,CD,15.18,CD,15.65,CD,20.3,CD,19.65,CD,21.17,CD,14.45,CD,25,CD,17.81,CD,16.48,CD,19.85,CD,15,CD,17.86,CD,15.79,CD,20.5_21.2,CD,20,CD,17.88,CD,21,CD,19.67,CD,15.67,CD,15.66,CD,1_1,CD,18.72,CD,25.25,CD,21.38,CD,17.51,CD,14.96,CD,1_2,CD,17.17,CD,18.19,CD,22,CD,18.98,CD,16.19,CD,17.48,CD,17.46,CD,26.11,CD,16.19,CD,16.67,CD,17.65,CD,24.98,CD,15.63,CD,18.14,CD,16.06,CD,15.39,CD,14.4,CD,14.1,CD,18.1,CD,18.34,CD,18.71,CD,18.68,CD,22.33,CD,24.4,CD,15.98,CD,13.1,CD,16.85,CD,17.98,CD,16.16,CD,18.16,CD,14.56,CD,24.59,CD,16.33,CD,18,CD,18.5,CD,16.91,CD,15.76,CD,17.95,CD,19.38,CD,16.15,CD,15.81,CD,16.35,CD,17.37
EG,17.56,EG,18.53,EG,16.98,G,23.79,EG,14.83,EG,14.35,EG,18.04,EG,16.792,EG,17.96,EG,21.09,EG,19.35,EG,17.54,EG,24.9,EG,21.3,EG,23.12,EG,20.44,EG,18.27,EG,18.73,EG,17.8,EG,12.17,EG,28.08,W,35.78,EG,21.03,EG,19.84,EG,21.25,EG,17.9,EG,18.04,EG,17.29,EG,23.91,EG,17.7,EG,1.5,EG,16.95,EG,17.8,EG,18.1,EG,17.7,EG,21.6,EG,,EG,18.67,EG,18,EG,19.63,EG,20.73,EG,19.6,EG,18.73,EG,18.82,EG,16.25,EG,19.32,EG,17.56,EG,20.34,EG,23.3,EG,22.93,EG,19.1,EG,17.93,EG,17.93,EG,17.8,,,G,19.77,EG,21.89,EG,16.53,EG,19.1,EG,18.1,EG,14.86,EG,21.6,EG,21.6,EG,21.3,EG,23.8,EG,21,EG,19.9,EG,19.52,EG,17,EG,21.16,EG,19.42,EG,20.16,EG,18.29,EG,18.3,EG,18.95,EG,22.77,EG,19.1,EG,19,EG,20.17,EG,22,EG,23.5,EG,19.83,EG,18.64,EG,17.13,EG,17.18,EG,13.72,EG,25.44,EG,56.9,EG,26.12,EG,21.53,EG,18.26,EG,17.56,EG,19.55,EG,19.23,EG,19.62,EG,14.43,EG,17.47,EG,22.16,EG,17.62,EG,14.54,EG,15.26,EG,17.59,EG,23.16,EG,22.84,EG,16.48,EG,18.94,EG,24.7,EG,22.55,EG,18.1,EG,15.8,EG,15.53,EG,16.35,EG,19.4,EG,18.1,EG,18.28,EG,14.83,EG,16.64,EG,15.22,EG,16.34,EG,18.74,EG,22.51,EG,14.94,EG,25,EG,15.62,EG,16.78,EG,19,EG,17.77,EG,16.35,EG,16.86,EG,26.13,EG,24.57,EG,26.1,EG,15.55,EG,15.5,EG,15.48,EG,15.97,EG,20.73,EG,19.97,EG,21.37,EG,14.76,EG,25.46,EG,18.15,EG,16.78,EG,20.23,EG,15.35,EG,18.19,EG,16,EG,21.54,EG,20.4,EG,18.23,EG,21.44,EG,20,EG,16,EG,15.97,EG,,EG,19,EG,25.65,EG,21.8,EG,17.86,EG,15.25,EG,,EG,17.48,EG,18.54,EG,22.4,EG,19.27,EG,16.49,EG,17.81,EG,17.8,EG,26.55,EG,16.5,EG,16.99,EG,17.95,EG,25.36,EG,15.9,EG,18.5,EG,16.35,EG,15.67,EG,14.7,EG,14.32,EG,18.44,EG,18.68,EG,19,EG,19,EG,22.7,EG,24.78,EG,16.27,EG,13.34,EG,17.17,EG,18.3,EG,16.44,EG,18.5,EG,14.83,EG,24.98,EG,16.62,EG,18.34,EG,18.84,EG,17.19,EG,16,EG,18.26,EG,19.75,EG,16.44,EG,16.1,EG,16.65,EG,17.67
D,17.87,D,18.86,D,17.29,D,24.14,D,15.1,D,14.61,D,18.37,D,17.1,D,18.26,D,21.46,D,19.74,D,17.82,D,25.1,D,21.64,D,23.54,D,20.82,D,18.57,D,19.14,D,18.12,D,12.35,D,28.46,W,35.78,D,21.45,D,20.11,D,21.62,D,18.3,D,18.31,D,17.6,D,24.3,D,18.04,D,1_1.5,D,17.24,D,18.06,D,18.38,D,18.02,D,21.9,D,1.5,D,19,D,18.29,D,20,D,21,D,19.95,D,19.1,D,19.16,D,16.56,D,19.67,D,17.9,D,20.72,D,23.64,D,23.3,D,19.44,D,18.17,D,18.31,D,18.4,,,D,20.15,D,22.3,D,16.78,D,19.46,D,18.42,D,15.14,D,22,D,22,D,21.7,D,24.15,D,21.45,D,20.27,D,19.91,D,17.3,D,21.57,D,19.75,D,20.5,D,18.6,D,18.6,D,19.32,D,23.22,D,19.52,D,19.3,D,20.545,D,22.4,D,23.86,D,20.2,D,19,D,17.43,D,17.53,D,13.96,D,25.7,D,57.74,D,26.45,D,21.84,D,18.6,D,17.9,D,19.93,D,19.56,D,19.98,D,14.7,D,17.8,D,22.6,D,17.94,D,14.79,D,15.48,D,17.89,D,23.54,D,23.18,D,16.77,D,19.28,D,25.2,D,22.84,D,18.45,D,16.11,D,15.84,D,16.65,D,19.75,D,18.46,D,18.62,D,15.1,D,16.96,D,15.5,D,16.57,D,19.1,D,22.92,D,15.22,D,25.3,D,15.93,D,17,D,19.32,D,18.13,D,16.7,D,17.13,D,26.6,D,25,D,26.42,D,15.87,D,15.81,D,15.76,D,16.26,D,21.1,D,20.3,D,21.77,D,15,D,25.9,D,18.47,D,17.06,D,20.63,D,15.6,D,18.5,D,16.4,D,21.94,D,20.78,D,18.6,D,21.79,D,20.27,D,16.25,D,16.24,D,,D,19.3,D,26,D,22.15,D,18.19,D,15.53,D,,D,17.82,D,18.87,D,22.79,D,19.58,D,16.75,D,18.16,D,18.1,D,26.96,D,16.8,D,17.29,D,18.26,D,25.76,D,16.2,D,18.84,D,16.53,D,16,D,14.97,D,14.56,D,18.81,D,19,D,19.38,D,19.41,D,23,D,25.13,D,16.53,D,13.6,D,17.5,D,18.67,D,16.74,D,18.86,D,15.12,D,25.31,D,16.94,D,18.67,D,19.19,D,17.5,D,16.3,D,18.57,D,20.05,D,16.7,D,16.38,D,16.93,D,18
BD,18.19,BD,19.19,BD,17.59,BC,24.49,BD,15.39,BD,14.88,BD,18.69,BD,17.4,BD,18.56,BD,21.79,BD,20.11,BD,18.09,BD,25.28,BD,21.98,BD,23.99,BD,21.19,BD,18.86,BD,19.38,BD,18.42,BD,12.54,BD,28.87,W,35.78,BC,21.72,BD,20.42,BD,22,BD,18.66,BD,18.61,BD,17.88,BD,24.7,BD,18.36,BD,,BD,17.53,BD,18.32,BD,18.78,BD,18.39,BD,22.2,BD,1_1,BD,19.38,BD,18.55,BD,20.4,BD,21.46,BD,20.3,BD,19.43,BD,19.53,BD,16.88,BD,20,BD,18.15,BD,21.11,BD,24,BD,23.62,BD,19.8,BD,18.54,BD,18.63,BD,18.45,,,B,20.58_21,BD,22.7,BD,17,BD,19.82,BD,18.75,BD,15.43,BD,22.44,BD,22.44,BD,22.1,BD,24.5,BD,21.67,BD,20.65,BD,20.25,BD,17.63,BD,21.94,BD,20.14,BD,20.93,BD,18.94,BD,18.94,BD,19.67,BD,23.64,BD,19.86,BD,19.7,BD,20.92,BD,22.83,BD,24.18,BD,20.58,BD,19.38,BD,17.76,BD,17.83,BD,14.24,BD,26,BD,58.17,BD,26.75,BD,22.17,BD,18.93,BD,18.27,BD,20.3,BD,19.98,BD,20.36,BD,15,BD,18.12,BD,23,BD,18.24,BD,15.1,BD,15.77,BD,18.2,BD,23.89,BD,23.52,BD,17.1,BD,19.6,BD,25.59,BD,23.14,BD,18.8,BD,16.4,BD,16.11,BD,16.95,BD,20.1,BD,18.8,BD,18.95,BD,15.35,BD,17.27,BD,15.8,BD,16.86,BD,19.47,BD,23.37,BD,15.53,BD,25.6,BD,16.24,BD,17.36,BD,19.65,BD,18.43,BD,16.98,BD,17.46,BD,27.1,BD,25.37,BD,26.72,BD,16.15,BD,16.1,BD,16,BD,16.55,BD,21.5,BD,20.64,BD,21.97,BD,15.34,BD,26.36,BD,18.71,BD,17.35,BD,21,BD,15.92,BD,18.92,BD,16.7,BD,22.35,BD,21.17,BD,18.92,BD,22.16,BD,20.65,BD,16.54,BD,16.56,BD,,BD,19.59,BD,26.46,BD,22.56,BD,18.5,BD,15.81,BD,1_1,BD,18.14,BD,19.23,BD,23.2,BD,19.87,BD,17,BD,18.46,BD,18.45,BD,27.4,BD,17.15,BD,17.59,BD,18.55,BD,26.14,BD,16.42,BD,19.16,BD,16.93,BD,16.3,BD,15.28,BD,14.79,BD,19.17,BD,19.34,BD,19.72,BD,19.69,BD,23.42,BD,25.46,BD,16.82,BD,13.85,BD,17.84,BD,19,BD,17,BD,19.2,BD,15.37,BD,25.62,BD,17.24,BD,19,BD,19.54,BD,17.81,BD,16.6,BD,18.88,BD,20.36,BD,17,BD,16.66,BD,17.25,BD,18.35
D,18.5,D,19.55,D,17.94,D,24.83_25.80,D,15.66,D,15.16,D,19.04,D,17.74,D,19.1,D,22.09_22.74,D,20.5,D,18.37_18.92,D,25.87_27.21,D,22.66,D,24.4,D,21.6,D,19.3,D,19.7_20.24,D,19.02,D,12.92,D,29.28_29.66,W,35.78,D,22.08_23.5,D,20.78_21.17,D,22.37_23.04,D,19.03,D,18.93_19.6,D,18.47,D,25.05_25.65,D,18.69,D,1_19,D,17.92,D,18.89_19.39,D,19.3_20.18,D,18.78,D,22.45_23.76,D,1_11,D,19.74,D,19.06,D,21,D,21.87,D,20.95,D,19.78,D,19.86_20.43,D,17.2,D,20.85,D,18.6,D,21.53,D,24.58,D,24.24_24.87,D,20.2,D,18.86,D,19.15,D,18.8,,,D,21.36,D,23.15,D,17.59,D,20.17,D,19.1,D,15.74_16.22,D,22.92,D,22.94,D,22.5,D,25.15_25.46,D,22.3_23.2,D,21.05,D,20.61,D,17.96,D,22.36,D,20.47,D,21.33,D,19.26_19.6,D,19.43,D,20,D,24.1,D,20.34,D,20.2,D,21.32,D,23.24,D,24.57_24.94,D,20.96,D,19.76,D,18.07,D,18.17,D,14.49,D,26.34_26.74,D,59_63.66,D,27.4_28.2,ED,22.49_25.1,D,19.3,D,18.66,D,20.6_21,D,20.4,D,20.98,D,15.36,D,18.45,D,23.5,D,18.5,D,15.1,D,16.1,D,18.7,D,24.47_25.4,D,23.88_24.47,D,17.4_17.69,D,20.22,D,26.2,D,23.78_24.84,D,19.16,D,16.71,D,16.47,D,17.26,D,20.48,D,19.14,D,19.26,D,15.85,D,17.56,D,16.1,D,17.5,D,19.86,D,23.79,D,15.84,D,26_26.44,D,16.58,D,17.94_18.22,D,20_20.68,D,18.83,D,17.3,D,17.77_18,D,27.56_28.58,D,26_26.45,D,27_27.35,D,16.46,D,16.4,D,16.36,D,16.86,D,21.92,D,21_21.89,D,22.87,D,15.63,D,26.85,D,19.38,D,17.94_18.2,D,21.5,D,16.22,D,19.46,D,17,D,22.72_24.33,D,21.75,D,19.27,D,22.83,D,20.88_22.67,D,16.84,D,16.85,D,1_12,D,20.11,D,26.87_27.7,D,22.96,D,18.88,D,16.1,D,1_4,D,18.46,D,19.59,D,23.66,D,20.56,D,17.65,D,18.82,D,18.8,D,27.85_28.23,D,17.48,D,17.89,D,18.87,D,26.5_27,D,16.8_17.16,D,19.5,D,17.23,D,16.59,D,15.57,D,15.07,D,19.49,D,19.72,D,20.34,D,20.2,D,24_24.84,D,25.85_27.3,D,17.47,D,14.15,D,18.17,D,19.4,D,17.37,D,19.57,D,15.65_15.92,D,25.97_27.37,D,17.57_17.9,D,19.46,D,19.94,D,18.17,D,17,D,19.49,D,20.86,D,17.33_17.7,D,17,D,17.55_18.23,D,18.74
D,18.83,D,19.9,D,18.39,D,26.16,D,15.95,D,15.43,D,19.4,D,18.04,D,19.52,DF#,23.3,D,20.87,D,19.28,DF#,27.41,D,23.01,D,24.82,D,21.97,D,19.76,D,21.09,D,19.34,D,13.2,D,30.1_31,W,35.78,D,23.86,D,21.53,D,23.45_24.33,D,19.37,D,19.93,D,18.75,D,26.04,D,19,D,1.25,D,18.1,D,19.78,D,20.56,D,19.11,D,24.08,D,2.5,D,20.1,D,19.34,D,21.35,D,22.22,D,21.3,D,20.12,D,20.95,D,17.55,D,21.22,D,19,D,21.9,D,25.1,D,25.21,D,20.54,D,19.17,D,19.53,D,19.13,,,D,21.6,D,23.5,D,17.9,D,20.5,D,19.4,D,16.56,D,23.44,D,23.43,D,23,D,25.8,D,23.65,D,21.4,D,20.98,D,18.28,D,22.76,D,20.84,D,21.72,D,19.93,D,19.7,D,20.34,D,24.55,D,20.62,D,20.55,D,21.72,D,23.66,D,25.28,D,21.36,D,20.1,D,18.4,D,18.52,D,14.76,D,27.05,G,64,D,28.7,D,25.4,D,19.63,D,19,D,21.37,D,20.8,D,21.36,D,15.75,D,18.81,D,23.9,D,18.86,D,15.68,D,16.39,D,18.97,D,26,D,25.16_25.44,D,18,D,20.56,D,26.7,CD,25,D,19.48,D,17.1,D,16.7,D,17.57,D,20.86,D,19.48,D,19.59,D,16.14,D,17.89,D,16.4,D,17.8,D,20.22,D,24.2,D,16.14,D,27.69,D,16.88,D,18.56,D,21,D,19.18,D,17.6,D,18.4,D,29.1,D,27,D,28_30.27,D,16.74,DE,16.68,D,16.65,D,17.15,D,22.28,D,22.34,DE,23.13,D,15.93,D,27.27,D,19.76,D,18.56,D,21.95,D,16.55,D,19.81,D,17.38,D,24.87,D,22.14,D,19.63,D,23.18,D,23,D,17.17,D,17.15,D,,D,20.64,D,28.16,D,23.66,D,19.22,D,16.39,D,1_1,D,18.82,D,19.93,D,24.13,D,20.89,D,17.96,D,19.17,D,19.13,D,28.9,D,17.8,CD,18.3,D,19.18,D,27.66,D,17.42,D,19.89,D,17.51,D,16.86,D,15.85,D,15.37,D,19.84,D,20.1,D,20.68,D,20.55,D,25.57,D,27.69,D,17.79,D,14.4,D,18.53,D,19.75,D,17.65,D,19.9,D,16.2,D,27.8,D,18.22,D,19.88,D,20.29,D,18.53,D,17.24,D,19.85,D,21.25,D,17.98,D,17.33,D,18.53,D,19.1
C,19.14,C,20.22,C,18.64,C,26.84,C,16.22,C,15.7,C,19.69,C,18.37,C,20.4,C,24.01,C,21.25,C,19.64,D,28.33,C,23.67_24.8,C,25.25,C,22.37,C,20.15,C,21.8,C,19.65,C,13.4,C,32.35_34.03,W,35.78,C,24.18,C,21.83,C,24.73,C,19.7,C,20.24,C,19.05,C,26.65,C,19.36,C,1_9,C,18.4,C,20.2,C,20.79,C,19.77_20.42,C,24.5,CD,1_4,C,20.43,C,19.61,C,21.7,C,22.59,C,21.67,C,20.46,C,21.35,C,17.87,C,21.65,C,19.3,C,22.27,C,25.77,BC,25.78,C,20.92,C,19.57,C,19.9,C,19.5,,,C,21.96,C,23.9,C,18.47,C,20.86,C,19.7,C,16.9,C,23.9,C,23.9,C,23.4,C,26.2,C,24.1,C,21.75,C,21.34,C,18.62,C,23.17,C,21.2,C,22.08,C,20.24,C,20,C,20.7,C,24.98,C,20.94,C,20.86,C,22,C,24,C,25.68,C,21.73,C,20.45,C,18.73,C,18.86,C,15,C,27.89,G,64.58,C,29.63_30.8,C,25.71,C,19.99,C,19.4,C,22.1,C,21.2,C,21.72,C,16,C,19.15,C,24.66,C,19.15,C,15.98,C,16.67,C,19.44,C,26.5,C,26_26.64,C,18.3,C,20.95,C,27.2,C,25.9,C,19.84,C,17.32,C,17,C,17.89,C,21.25,C,19.84,C,19.93,C,16.42,C,18.2,C,16.74,C,18.1,C,20.6,C,24.6,C,16.43,C,28.16,C,17.18,C,18.85,C,21.38,C,19.51,C,17.93,C,18.7,C,29.62,C,27.79_28.64,C,30.6,C,17,C,16.99,C,16.93,C,17.46,C,22.69,C,22.7,D,23.62,C,16.22,C,27.76,C,20,C,18.83,C,22.4,C,16.88,C,20.13,C,17.7,C,25.32,C,22.44,C,20,C,23.55,C,23.32,C,17.46,C,17.47,C,,C,21.1,C,28.66,C,24.35,C,19.57,C,16.69,C,1_9,C,19.15,C,20.27,C,24.57_25.13,C,21.25,C,18.27,C,19.5,C,19.46,C,29.42,C,18.1,C,18.53,C,19.46,BC,28.14,C,17.72,C,20.22,C,17.8,C,17.16,C,16.13,C,15.62,C,20.16,C,20.43,C,21.02,C,20.92,C,26.38,C,28.1,C,18.12,C,14.64,C,18.85,C,20.1,C,17.96,C,20.26,C,16.49,C,28.4,C,18.55,C,20.34,C,20.61,C,18.9,C,17.55,C,20.25,C,21.66,C,18.29,C,17.73,C,18.86,C,19.44
AE,19.47,AE,20.57,AE,18.96,AE,27.22,AE,16.5,AE,15.97,AE,20.02,AE,18.71,AE,20.82,AE,24.57,AE,21.61,AE,19.91,CE,28.68,AE,25.22,AE,25.66,AE,22.74,AE,20.42,ABE,22.34,AE,19.7,AE,13.69,AE,35.05_36.843,W,35.78,AE,24.45,AE,22.11,AE,25.1,AE,20.07,AE,20.55,AE,19.35,AE,26.93,AF,19.7,AE,,AE,18.68,AE,20.47,AE,21.08,AE,20.83,AE,25.35,BE,0.5,AE,20.76,AE,19.89,AE,22,AE,22.94,AE,22.1,AE,20.78,A,21.84,AE,18.2,AE,22.1,AE,19.6,AE,22.54,AE,26.41,AE,26.18,AE,21.27,AE,19.78,AE,20.24,AE,19.86,,,A,22.5,AE,24.3,AF,19,AE,21.2,AE,20,AE,17.23,AE,24.5,AE,24.5,AE,23.8,AE,26.55,AE,24.4,AE,22.15,AE,21.7,AE,18.9,AE,23.59,AE,21.52,AE,22.45,AE,20.56,AE,20.28,AE,21,AE,25.43,AE,21.35,AE,21.25,AE,22.43,AE,24.46,AE,26.1,AE,22.14,AE,20.84,AE,19.1,AE,19.18,AE,15.28,AE,28.21,G,65.03,AE,31.47,AE,26,AE,20.32,AE,19.78,AE,22.46,AE,21.57,AE,22.06,AE,16.26,AE,19.49,AE,25.1,AE,19.44,AE,16.3,AE,16.99,AE,19.77,AE,26.89,AE,27.28,AE,18.62,AE,21.3,AE,27.67,AE,26.28_26.9,AE,20.15,AE,17.62,AE,17.3,AE,18.19,AE,21.616,AE,20.15,AE,20.26,AE,16.83,AE,18.49,AE,17.04,AE,18.35,AE,21,AE,25,AE,16.75,AE,28.46,AE,17.47,AE,19.14,AE,21.7,AE,19.9,AE,18.18,AE,19,AE,30.1,AE,29,AE,30.9,AE,17.33,AE,17.28,AE,17.33,AE,17.77,AE,23.1,AE,23.1,BE,23.86,AE,16.56,AE,28.26,AE,20.4,AE,19.14,AE,22.83,AE,17.27,AE,20.47,AE,18.32,AE,25.77,AE,22.77,AE,20.3,AE,23.9,AE,23.66,AE,17.75,AE,17.75,AE,,AE,21.4,AE,29.14,AE,24.81,AE,19.91,AE,16.97,AE,1_3,AE,19.5,AE,20.6,AE,25.93,AE,21.54,AE,18.58,AE,19.82,AE,19.8,AE,29.99,AE,18.44,AE,18.8,AE,19.8,AE,28.74,AF,17.93,AE,20.57,AE,18.11,AE,17.45,AE,16.45,AE,15.88,AE,20.51,AE,20.79,AE,21.37,AF,21.27,AE,26.83,AE,28.5,AE,18.43,AE,14.9,AE,19.17,AE,20.44,AE,18.26,AE,20.59,AF,16.63,AE,28.94,AE,18.86,AE,20.76,AE,20.94,AE,19.25,AE,17.87,AE,20.58,AE,22,AE,18.62,AE,18.12,AE,19.16,AE,19.82
CF#,19.78,CF#,20.9,CF#,19.29,CF#,27.92_28.61,CF#,16.77,CF#,16.25,CF#,20.34,CF#,19.11,CF#,21.48,CF#,25.15,CF#,21.99,CF#,20.33_20.82,DF#,28.92_29.73,CF#,26.28,CF#,26.08,CF,23.42,CF#,20.85,CF#,23,CF#,20.87,CF#,13.98,CF#,37.75_39.6,W,35.78,CF#,25.13,CF#,22.99,CF,25.48_27.48,CF#,20.44,CF#,20.87,CF,19.97,CF#,28.14,CF#,20.05,CF,3,CF#,18.97,CF#,21.45,CF#,21.92,CF#,21.62,DF#,26.76,DF#,1_9,CF#,21.11,CF#,20.29,CF#,22.5,CF#,23.32,GF#,22.62,CF#,21.14,CF,22.34,CF#,18.52,CF#,22.56,CF,20.24,CF,23,CF#,27.05,CF,27.42,CF#,21.64,CF#,20.15,CF#,20.71,CF#,20.27,,,CF,23.08,CF#,24.74,CF#,19.67,CF#,21.6,CF#,20.4,CF#,17.52,CF#,25.23,CF#,25.22,CF#,24.2,CF#,27.3,CF#,25.1_26.13,CF#,22.56,CF#,22,CF#,19.3,CF#,23.95,CF#,21.88,CF#,22.84,CF#,21.8,CF,20.83,CF#,21.44,CF#,25.86,CF#,21.74,CF#,21.63,CF#,22.82,CF#,24.86,CF#,26.28,CF#,22.5,CF#,21.17,CF#,19.8,CF#,19.49,CF#,15.52,CF#,29.76,BG,65.46,CF#,32.79,CF#,26.34_26.8,CF#,20.69,CF#,20.17,CF#,22.95,CF#,22,CF#,22.7,CF#,16.55,CF#,19.8,CF#,25.78,CF#,19.76,CF#,16.6,CF#,17.3,CF#,20.45,CF#,27.55_28.18,CF,27.88_28.18,CF#,18.83,CF,21.94,CF#,28.67,CF#,27.7,CF#,20.5,CF#,17.92,CF#,17.6,CF#,18.78,CF#,21.95,CF#,20.5,CF#,20.6,CF#,17.27,CF#,18.8,CF#,17.35,CF#,18.63,CF#,21.57,CF#,25.46,CF#,17,CF#,29.3,CF#,17.76,CF#,19.93,CF#,22_23.46,CF#,20.3,CF#,18.63,CF#,19.3_19.59,CF#,30.84,CF#,29.9_30.3,CF#,31.56,CF#,17.64,CF,17.59,CF#,17.5,CF#,18,CF#,23.48,BF,23.43,DF#,25.3,CF#,16.9,CF#,29.17_30,CF#,21.37,CF#,19.93,CF#,23.4,CF#,17.6,CF#,20.82,CF#,18.95,CF#,26.41,CF#,23.4,CF#,20.68,CF#,24.23,CF,24.25_24.8,CF#,18,CF#,18,CF#,2,CF#,21.99,CF#,30.1,CF#,25.23,CF#,20.28,CF#,17.27,CF,1_8,CF#,19.99,CF#,20.93,CF#,26.34_27.2,CF#,21.87_24.33,CF,18.88,CF#,20.17,CF#,20.13,CF#,30.81,CF#,18.75,CF#,19.13,CF#,20.12,CF#,29.18_29.63,CF#,18.63,CF#,20.96,CF#,18.37,CF#,17.74,CF#,16.78,CF#,16.15,CG,20.91,CF#,21.15,CF#,21.73,CFF#,22,CF#,27.68,CF#,29.33,CF,18.76,CF#,15.16,CF#,19.54,CF#,20.78,CF#,18.56,CF#,20.95,CF#,17.42,CF#,29.8_30.17,CF,19.19,CF#,21.19,CF#,21.27,CF#,19.63,CF#,18.17,CF#,21.29_22.24,CF#,22.53,CF,18.93,CF#,18.5,CF,19.49,CF#,20.2
BG,21.62,BG,22.35,BG,19.79,BG,29.53,BG,17.7,BG,16.86,BG,20.69,BG,19.5,BG,22.01,BG,25.3,BG,22.3,BG,21.37,BG,30.3,BG,26.6,BG,26.5,BG,23.85,BG,21.27,BG,23.66,BG,21.44,BG,14.84,BG,40.48,W,35.78,BG,25.78,BG,23.86,BG,28.2,BG,21.5,BG,21.62,BG,20.3,BG,29.03,BG,20.95,GBG,5,BG,19.56,BG,22.2,BG,23.13,BG,22.85,BG,27.87,BG,2.5,BG,22.1,BG,20.69,BG,22.8,BG,23.7,BG,23.2,BG,21.6,GBG,24.15,BG,18.8,BG,22.9,BG,20.7,BG,23.55,BG,27.55,BG,27.85,BG,22.22,BG,20.5,BG,21.13,BG,20.8,,,BG,24.17,BG,25.15,BG,19.96,BG,21.9,BG,21.4,BG,17.83,BG,25.7,BG,25.77,BG,25.375_52.2,BG,28.2,BG,27,BG,23.61,BG,22.8,BG,19.8,BG,24.6,BG,22.4,BG,23.42,BG,22.1,BG,21.4_21.82,BG,21.85,BG,27,BG,21.8,BG,22.5,BG,23.42,BG,25.41,BG,26.28,BG,23.25,BG,21.51,G,20.36,BG,20.47,BG,15.91,BG,30.3,BG,65.96,BG,33.99,BG,27.1,BG,21.75,BG,20.55,BG,23.46,BG,22.4,BG,23.55,BG,17.38,BG,20.53,ABG,26.15,BG,20.3,BG,16.95,BG,18.22,BG,21.26,BG,29.68,BG,28.7,BG,19.6,BG,22.2,BG,29.13,BG,29.55,BG,21.36,BG,18.4,BG,18.4,BG,19.67,BG,22.51,BG,21.38,BG,20.98,BG,17.69,BG,19.35,BG,18.6,BG,18.97,BG,22.9,BG,25.9,BG,17.62,BG,29.9,BG,18.96,BG,20.24,BG,23.9,BG,20.68,BG,19.3,BG,20.2,GBG,32.94,BG,31.64,BG,32.46,BG,18.55,BG,18.75,N,17.6,BG,18.9,BG,23.97,BGF,24.2,G,25.66,BG,18.1,BG,30.93,BG,22.67,BG,20.23,BG,24.8,BG,17.99,BG,21.26,BG,19.35,BG,27.91,BG,23.7,BG,20.9,BG,25.3,BG,25.52,BG,18.9,BG,18.9,BG,3,BG,22.58,BG,30.73,BG,26.43,BG,21,BG,18.65,BG,3,BG,21.15,BG,21.15,BG,28.25,BG,24.92,BG,20,BG,20.4,BG,20.88,BG,32.07,BG,19.8,BG,20,BG,20.58,BG,30.83,BG,19.47,BG,21.58,BG,19,BG,18,BG,17.62,BG,16.85,BG,22.1,BG,22.3,BG,22.3,BG,23.4,BG,28.16,BG,30.3,BG,19.34,BG,15.45,BG,20.17,BG,20.99,BG,19.72,BG,21.45,BG,17.77,BG,31.12,BG,19.7,BG,21.7,BG,21.57,BG,19.97,BG,18.67,BG,23.15,BG,23,BG,19.38,BG,19.55,BG,20.1,BG,20.34
